part,feature_area,rust_surface,c_surface,python_surface,decision,evidence,next_action
ISO11783-1,general-role-boundaries,role documentation only,no runtime C API,no runtime Python API,internal-only,standard-suite,maintain role-boundary docs and standard-suite checks
ISO11783-2,physical-layer-configuration,src/net/can_bus_config.rs,machbus_validate_can_bus_config and machbus_enforce_iso_can_config,validate_can_bus_config and enforce_iso_can_config,facade-exposed,standard-suite-and-bindings,maintain Rust C and Python physical config validation parity tests
Bindings,c-abi-version-probe,src/ffi.rs MACHBUS_C_ABI_VERSION,machbus_abi_version,no runtime Python API,internal-only,binding-contract,maintain C ABI v2 probe in Rust tests C examples and docs when exported C surface changes
ISO11783-2,physical-layer-adapter-evidence-contract,hardware adapter evidence metadata,no runtime C API,no runtime Python API,internal-only,standard-suite,maintain adapter evidence matrix checks
ISO11783-2,physical-layer-sample-point-finiteness,CanBusConfig validation,no extra C API,no extra Python API,rust-only,standard-suite,maintain non-finite sample-point rejection test
ISO11783-2,physical-layer-sample-point-window-boundary,CanBusConfig validation,no extra C API,no extra Python API,rust-only,standard-suite,maintain sample-point window boundary tests
ISO11783-2,physical-layer-explicit-bit-timing-consistency,CanBusConfig validation,no extra C API,no extra Python API,rust-only,standard-suite,maintain explicit bit-timing consistency test
ISO11783-3,data-link-identifiers-and-transport,src/net,facade-through-session,facade-through-session,partial-facade,standard-suite-and-bindings,add strict identifier constructor facades only if callers need raw identifiers
ISO11783-3,data-link-tp-etp-transport-state-matrix,TP ETP transport state matrix and standard tests,no extra C API,no extra Python API,internal-only,standard-suite,maintain transport-state matrix coverage test
ISO11783-3,data-link-identifier-pdu-boundaries,Identifier constructors and accessors,no extra C API,no extra Python API,internal-only,standard-suite,maintain PDU1/PDU2 identifier boundary tests
ISO11783-3,data-link-priority-public-strict-decoder,Priority strict public decoder,no extra C API,no extra Python API,rust-only,standard-suite,maintain priority public strict decoder test
ISO11783-3,data-link-acknowledgment-control-public-strict-decoder,AckControl strict public decoder,no extra C API,no extra Python API,rust-only,standard-suite,maintain ACK control public strict decoder test
ISO11783-3,data-link-request-ack-canonical-payloads,Request and Acknowledgment payload codecs,no extra C API,no extra Python API,internal-only,standard-suite,maintain request and acknowledgement canonical payload tests
ISO11783-3,data-link-utility-control-pgns,pgn_request Acknowledgment Request2Msg TransferMsg and Request2Responder,Request2 through the session facade where enabled,Request2 through the session facade where enabled,partial-facade,standard-suite-and-bindings,maintain utility control PGN tests Request2 no-reply invalid-source and null-destination tests plus session facade coverage
ISO11783-3,data-link-utility-full-message-envelope-validation,Request Acknowledgment Request2 and Transfer full-message helpers,no extra C API,no extra Python API,internal-only,standard-suite,maintain utility helper wrong-PGN invalid-source and null-destination test
ISO11783-3,j1939-time-date-full-message-envelope-validation,TimeDate decode validation,no extra C API,no extra Python API,rust-only,standard-suite,maintain TimeDate full-message PGN source and PDU2 destination envelope test
ISO11783-3,j1939-proprietary-message-envelope-classifier,ProprietaryMsg classifier,no extra C API,no extra Python API,rust-only,standard-suite,maintain proprietary message PGN source and destination envelope classifier test
ISO11783-3,data-link-group-function-carrier-and-responder-policy,GroupFunctionMsg and GroupFunctionResponder,session group-function responder where enabled,session group-function responder where enabled,partial-facade,standard-suite-and-bindings,maintain group-function carrier responder-policy invalid-source null-destination and no-loop tests
ISO11783-3,data-link-group-function-public-error-strict-decoder,GroupFunctionError strict public decoder,no extra C API,no extra Python API,rust-only,standard-suite,maintain group-function public error strict decoder test
ISO11783-3,data-link-transport-abort-public-strict-decoder,TransportAbortReason strict public decoder,no extra C API,no extra Python API,rust-only,standard-suite,maintain transport abort public strict decoder test
ISO11783-3,tp-rts-window-and-bam-canonical-fields,TransportProtocol RTS and BAM control-frame builders,no extra C API,no extra Python API,internal-only,standard-suite,maintain RTS window and BAM canonical-field test
ISO11783-3,tp-etp-invalid-endpoint-frame-rejection,TransportProtocol and ExtendedTransportProtocol ingress endpoint validation,no extra C API,no extra Python API,internal-only,standard-suite,maintain invalid endpoint no-mutation transport test
ISO11783-3,tp-etp-single-dt-endpoint-session,TransportProtocol ExtendedTransportProtocol and IsoNet queued admission guards,no extra C API,no extra Python API,internal-only,standard-suite,maintain DT endpoint exclusivity and queued-transmit tests
ISO11783-3,tp-etp-timeout-window-aborts,TransportProtocol and ExtendedTransportProtocol update timeout handling,no extra C API,no extra Python API,internal-only,standard-suite,maintain TP and ETP timeout-window tests
ISO11783-3,tp-auxiliary-timer-session-windows,TransportProtocol auxiliary timer-session API,no extra C API,no extra Python API,internal-only,standard-suite,maintain endpoint validation keepalive T3 and T4 auxiliary timer tests
ISO11783-3,tp-dt-sequence-abort-boundaries,TransportProtocol DT sequence validation,no extra C API,no extra Python API,internal-only,standard-suite,maintain TP DT skipped duplicate and wrong-source sequence tests
ISO11783-3,etp-dpo-dt-sequence-window-boundaries,ExtendedTransportProtocol DPO and DT sequence validation,no extra C API,no extra Python API,internal-only,standard-suite,maintain ETP DPO window and DT skipped-sequence tests
ISO11783-4,network-interconnect,src/net/niu.rs,not-exposed,not-exposed,rust-only,standard-suite,maintain NIU persistent-filter tests and decide if NIU configuration should remain internal until hardware evidence
ISO11783-4,network-interconnect-state-matrix,NIU router topology coverage matrix,no extra C API,no extra Python API,internal-only,standard-suite,maintain network interconnect matrix coverage test
ISO11783-4,niu-persistent-filter-runtime-clear,Niu persistent filter runtime state,no extra C API,no extra Python API,internal-only,standard-suite,maintain persistent-filter runtime clear test
ISO11783-4,niu-rate-limited-filter-window-and-policy-snapshot,Niu filter rate limiter and policy snapshot,not-exposed,not-exposed,rust-only,standard-suite,maintain rate-limited filter window and snapshot test
ISO11783-4,niu-filter-mode-control-default-gating,Niu Network Message filter mode handling,not-exposed,not-exposed,rust-only,standard-suite,maintain filter-mode control default-gating tests
ISO11783-4,niu-filter-rule-name-and-reserved-bit-validation,FilterRule and NiuNetworkMsg decoders,not-exposed,not-exposed,rust-only,standard-suite,maintain filter rule NAME and reserved-bit tests
ISO11783-4,network-interconnect-public-policy-strict-decoder,ForwardPolicy and NiuFilterMode strict public decoders,no extra C API,no extra Python API,rust-only,standard-suite,maintain network policy public strict decoder test
ISO11783-4,niu-name-scoped-filter-observation-gate,Niu observed NAME cache and name-scoped filter resolution,not-exposed,not-exposed,rust-only,standard-suite,maintain NAME-scoped filter observation-gate test
ISO11783-4,niu-ingress-source-and-control-source-validation,Niu process_frame and control-message source/destination validation,not-exposed,not-exposed,rust-only,standard-suite,maintain invalid data/control source and destination tests
ISO11783-4,network-interconnect-topology-loop-guard,Niu and NiuConfig loop-guard topology behavior,not-exposed,not-exposed,rust-only,standard-suite,maintain line fork and ring topology standard-suite tests
ISO11783-4,network-interconnect-translation-admission,Router translation table admission,not-exposed,not-exposed,rust-only,standard-suite,maintain unique claimable address translation admission test
ISO11783-4,network-interconnect-bidirectional-translation-and-cannot-claim,Router destination translation and Cannot Claim forwarding,not-exposed,not-exposed,rust-only,standard-suite,maintain bidirectional translation and Cannot Claim router test
ISO11783-5,network-management,src/net/address_claimer.rs,facade-through-session,facade-through-session,facade-exposed,standard-suite-and-bindings,keep NAME management workflow parity tests current
ISO11783-5,network-management-state-matrix,Address claim NAME-management and commanded-address coverage matrix,no extra C API,no extra Python API,internal-only,standard-suite,maintain network-management matrix coverage test
ISO11783-5,network-management-address-claim-request-and-contest-state,AddressClaimer claim-state machine,session-routed address-claim,session-routed address-claim,facade-exposed,standard-suite-and-bindings,maintain address-claim request response and contest ordering tests
ISO11783-5,network-management-reclaim-random-delay-bound,AddressClaimer reclaim delay clamp,no extra C API,no extra Python API,internal-only,standard-suite,maintain reclaim random-delay bound test
ISO11783-5,network-management-pending-reclaim-address-refresh,AddressClaimer delayed reclaim address selection,no extra C API,no extra Python API,internal-only,standard-suite,maintain pending reclaim occupied-address refresh tests
ISO11783-5,network-management-delayed-reclaim-request-quiet,AddressClaimer delayed reclaim request handling,no extra C API,no extra Python API,internal-only,standard-suite,maintain delayed reclaim quiet request test
ISO11783-5,network-management-duplicate-name-cannot-claim-retry-guard,AddressClaimer duplicate NAME failure path,no extra C API,no extra Python API,internal-only,standard-suite,maintain duplicate NAME Cannot Claim retry-guard tests
ISO11783-5,network-management-name-management-public-strict-decoders,NameMgmtMode and NameNackReason strict public decoders,no extra C API,no extra Python API,rust-only,standard-suite,maintain NAME-management public strict decoder test
ISO11783-5,network-management-name-management-request-address-claim,NameManager request-address-claim signal and response,no extra C API,no extra Python API,internal-only,standard-suite,maintain targeted RequestAddressClaim no-loop codec test
ISO11783-5,network-management-malformed-name-management-event-gate,NameManager payload decoder and event gate,no extra C API,no extra Python API,internal-only,standard-suite,maintain malformed NAME-management event-gate test
ISO11783-5,network-management-name-management-pending-adoption-state-safety,NameManager pending NAME state machine,no extra C API,no extra Python API,internal-only,standard-suite,maintain pending NAME query and adoption state-safety tests
ISO11783-5,network-management-ingress-source-and-envelope-validation,NameManager ingress envelope validation,no extra C API,no extra Python API,internal-only,standard-suite,maintain invalid-source wrong-PGN and invalid-destination ingress validation tests
ISO11783-5,network-management-commanded-address-target-validation,NameManager Commanded Address handler,no extra C API,no extra Python API,internal-only,standard-suite,maintain commanded-address target validation test
ISO11783-5,network-management-invalid-local-preferred-address,AddressClaimer startup guard,session builder validation should prevent this before facade use,session builder validation should prevent this before facade use,internal-only,standard-suite,maintain invalid preferred-address cannot-claim test
ISO11783-5,network-management-cannot-claim-partner-state,IsoNet Address Claimed ingress and PartnerCf state,session-observable partner state,session-observable partner state,facade-exposed,standard-suite,maintain Cannot Claim partner-state regression test
ISO11783-5,network-management-restart-claiming-stability,IsoNet AddressClaimer restart workflow,session-routed address-claim,session-routed address-claim,facade-exposed,standard-suite,maintain restarted claim same NAME and address test
ISO11783-5,network-management-later-lower-name-reclaim,IsoNet AddressClaimer later peer arbitration,session-routed address-claim,session-routed address-claim,facade-exposed,standard-suite,maintain later lower-NAME reclaim test
ISO11783-6,virtual-terminal,src/isobus/vt,facade-through-session,facade-through-session,partial-facade,standard-suite-and-bindings,map every VT command to exposed or intentionally internal
ISO11783-6,vt-render-runtime,src/isobus/vt/render,no runtime C API,no runtime Python API,rust-only,standard-suite-and-book-ledger,keep hosted IopDocument VtRenderRuntime RenderCommand and FramebufferRenderer Rust-only until a stable buffer and ownership facade is designed
ISO11783-6,vt-lifecycle-state-matrix,VT lifecycle object AUX and language coverage matrix,no extra C API,no extra Python API,internal-only,standard-suite,maintain VT lifecycle matrix coverage test
ISO11783-6,vt-command-code-direction-boundaries,VT command-code classification,no extra C API,no extra Python API,internal-only,standard-suite,maintain command-code direction-boundary test
ISO11783-6,vt-ingress-envelope-and-source-validation,VTClient VTServer tracker auxiliary discovery and session VT ingress handlers,session-routed VT,session-routed VT,partial-facade,standard-suite,maintain raw and session invalid-source wrong/null-destination and wrong-PGN ingress tests
ISO11783-6,vt-state-tracker-envelope-and-source-validation,VTClientStateTracker raw ingress validation,no extra C API,no extra Python API,internal-only,standard-suite,maintain state-tracker envelope and source validation test
ISO11783-6,vt-client-memory-session-and-source-binding,VTClient memory/session binding,session-routed VT client,session-routed VT client,partial-facade,standard-suite,maintain memory response and negotiated-source tests
ISO11783-6,vt-client-disconnect-rebind-source,VTClient disconnect and source rebinding,session-routed VT client,session-routed VT client,partial-facade,standard-suite,maintain disconnect source-clear and rebind test
ISO11783-6,vt-server-object-pool-upload-state-machine,VTServer object-pool upload state machine,session-routed VT server,session-routed VT server,partial-facade,standard-suite,maintain upload state-machine tests
ISO11783-6,vt-server-delete-object-pool-canonical-reset,VTServer Delete Object Pool reset handling,session-routed VT server,session-routed VT server,partial-facade,standard-suite,maintain canonical delete-object-pool reset test
ISO11783-6,vt-server-runtime-command-reference-gates,VTServer runtime command validators,session-routed VT server,session-routed VT server,partial-facade,standard-suite,maintain activated-pool and object-reference gate tests
ISO11783-6,vt-value-change-payload-canonicality,VT value-change client server and tracker payload validation,no extra C API,no extra Python API,internal-only,standard-suite,maintain value-change canonical payload test
ISO11783-6,vt-unsupported-function-canonical-and-bound,VTClient and VTServer Unsupported Function handling,session-routed VT,session-routed VT,partial-facade,standard-suite,maintain unsupported-function canonical and source-binding test
ISO11783-6,vt-aux-capability-and-assignment-runtime,AUX capability discovery and assignment runtime,session-routed VT auxiliary,session-routed VT auxiliary,facade-exposed,standard-suite-and-bindings,maintain AUX capability and assignment tests
ISO11783-6,vt-auxiliary-status-session-ingress-validation,Auxiliary status codecs and session ingress,session-routed AUX status,session-routed AUX status,facade-exposed,standard-suite,maintain AUX status session ingress invalid-source invalid-destination and malformed-payload tests
ISO11783-6,vt-auxiliary-public-function-strict-decoders,AuxFunctionType and AuxFunctionState strict decoders,no extra C API,no extra Python API,rust-only,standard-suite,maintain AUX public strict decoder test
ISO11783-6,vt-auxiliary-public-function-envelope-validation,AuxOFunction and AuxNFunction decode validation,no extra C API,no extra Python API,rust-only,standard-suite,maintain AUX public envelope decoder test
ISO11783-6,vt-alarm-priority-public-strict-decoder,VT AlarmPriority strict public decoder,no extra C API,no extra Python API,rust-only,standard-suite,maintain VT alarm priority strict decoder test
ISO11783-6,vt-activation-code-public-strict-decoder,ActivationCode strict public decoder,no extra C API,no extra Python API,rust-only,standard-suite,maintain VT activation strict decoder test
ISO11783-6,vt-client-version-language-validation,VTClient version and language handlers plus session Language Command ingress,session-routed VT client and Language Command,session-routed VT client and Language Command,partial-facade,standard-suite,maintain version-label language invalid-source invalid-destination destination-metadata and malformed-payload tests
ISO11783-6,vt-language-command-public-unit-strict-decoders,Language Command unit preference strict decoders,no extra C API,no extra Python API,rust-only,standard-suite,maintain Language Command public unit strict decoder test
ISO11783-6,vt-language-command-public-envelope-validation,LanguageData decode validation,no extra C API,no extra Python API,rust-only,standard-suite,maintain Language Command public envelope decoder test
ISO11783-6,vt-stored-version-label-header-canonicality,VTServer persistent working-set header decoder,no extra C API,no extra Python API,internal-only,standard-suite,maintain stored version label header canonicality test
ISO11783-6,vt-local-language-preference-validation,VTClient local language preference plus session facade,machbus_vt_set_language,Machbus.vt_set_language,facade-exposed,standard-suite-and-bindings,maintain local language preference validation test and binding rejection paths
ISO11783-6,vt-version-list-label-validation,VTClient version-list response decoder,session-routed VT client,session-routed VT client,partial-facade,standard-suite,maintain version-list label validation test
ISO11783-6,vt-version-operation-response-canonicality,VTClient version operation response decoder,session-routed VT client,session-routed VT client,partial-facade,standard-suite,maintain version operation response canonicality test
ISO11783-6,vt-object-pool-exact-working-set-count,ObjectPool validation,no extra C API,no extra Python API,internal-only,standard-suite,maintain exact Working Set count tests
ISO11783-6,vt-object-public-type-strict-decoders,ObjectType and GestureType strict public decoders,no extra C API,no extra Python API,rust-only,standard-suite,maintain VT object public type strict decoder test
ISO11783-6,vt-object-pool-working-set-child-types,ObjectPool validation,no extra C API,no extra Python API,internal-only,standard-suite,maintain Working Set child type validation test
ISO11783-6,vt-object-pool-soft-key-key-group-child-types,ObjectPool validation,no extra C API,no extra Python API,internal-only,standard-suite,maintain SoftKeyMask and KeyGroup child type validation test
ISO11783-6,vt-object-pool-serialization-and-body-validation,ObjectPool serialization and typed-body validation,no extra C API,no extra Python API,internal-only,standard-suite,maintain serialization duplicate unknown and malformed-body tests
ISO11783-6,vt-object-pool-typed-reference-validation,ObjectPool typed reference validation,no extra C API,no extra Python API,internal-only,standard-suite,maintain typed body and auxiliary reference tests
ISO11783-6,vt-object-pool-null-object-id-rejection,ObjectPool add and deserialize validation,no extra C API,no extra Python API,internal-only,standard-suite,maintain NULL object ID rejection test
ISO11783-7,implement-messages,src/isobus/implement,facade-through-session,facade-through-session,partial-facade,standard-suite-and-bindings,decide per message family after complete inventory
ISO11783-7,implement-message-state-matrix,Implement message family coverage matrix,no extra C API,no extra Python API,internal-only,standard-suite,maintain implement message matrix coverage test
ISO11783-7,implement-heartbeat-tracker-envelope,HeartbeatTracker raw handler,no extra C API,no extra Python API,internal-only,standard-suite,maintain heartbeat PGN source destination width and reserved-sequence rejection test
ISO11783-7,implement-heartbeat-request-envelope,HeartbeatRequest full-message helper,no extra C API,no extra Python API,rust-only,standard-suite,maintain heartbeat request envelope rejection test
ISO11783-7,implement-heartbeat-receiver-reserved-sequence-liveness,HeartbeatReceiver liveness state machine,no extra C API,no extra Python API,rust-only,standard-suite,maintain heartbeat receiver reserved-sequence liveness test
ISO11783-7,implement-shortcut-button-envelope-validation,Shortcut Button ISB decoder,no extra C API,no extra Python API,internal-only,standard-suite,maintain shortcut button wrong-PGN invalid-source invalid-destination and noncanonical-payload rejection test
ISO11783-7,implement-shortcut-button-public-strict-decoder,ShortcutButtonState strict public decoder,no extra C API,no extra Python API,rust-only,standard-suite,maintain shortcut button public strict decoder test
ISO11783-7,implement-lighting-and-session-ingress-envelope-validation,Lighting helper and implement session ingress,no extra C API,no extra Python API,internal-only,standard-suite,maintain lighting wrong-PGN invalid-source PDU2-destination helper and session-ingress test
ISO11783-7,implement-stack-malformed-ingress-no-mutation,Implement session malformed payload ingress,no extra C API,no extra Python API,internal-only,standard-suite,maintain malformed implement payload no-mutation test
ISO11783-7,implement-public-enum-strict-try-decoders,implement message public enum try_from_u8 helpers,no extra C API,no extra Python API,rust-only,standard-suite,maintain implement public enum strict decoder test
ISO11783-7,implement-public-packed-status-strict-decoders,implement packed status public decoders,no extra C API,no extra Python API,rust-only,standard-suite,maintain packed status public strict decoder test
ISO11783-7,implement-hitch-pto-command-reserved-command,HitchCommandMsg and PtoCommandMsg decode validation,no extra C API,no extra Python API,internal-only,standard-suite,maintain hitch and PTO reserved-command test
ISO11783-7,implement-aux-valve-machine-speed-reserved-payload-bits,AuxValveCommandMsg and MachineSelectedSpeedMsg decode validation,no extra C API,no extra Python API,internal-only,standard-suite,maintain aux valve and machine-speed reserved payload test
ISO11783-7,implement-machine-speed-command-canonical-shape,MachineSpeedCommandMsg decode validation,no extra C API,no extra Python API,internal-only,standard-suite,maintain machine-speed command canonical-shape test
ISO11783-7,implement-aux-valve-pgn-index-boundaries,AuxValveCommandMsg and aux-valve flow PGN helpers,no extra C API,no extra Python API,internal-only,standard-suite,maintain aux-valve PGN index boundary test
ISO11783-7,implement-aux-valve-flow-limit-and-sentinel-validation,AuxValveFlowMsg decode validation,no extra C API,no extra Python API,internal-only,standard-suite,maintain aux-valve flow limit and sentinel tests
ISO11783-7,implement-aux-valve-public-state-strict-decoders,aux-valve flow public state decoders,no extra C API,no extra Python API,rust-only,standard-suite,maintain aux-valve public strict decoder test
ISO11783-7,implement-drive-strategy-upper-edge-values,DriveStrategyCmd decode validation,no extra C API,no extra Python API,internal-only,standard-suite,maintain drive-strategy upper-edge test
ISO11783-7,implement-guidance-system-command-curvature-boundary,GuidanceSystemCmd decode validation,no extra C API,no extra Python API,internal-only,standard-suite,maintain guidance system command curvature boundary test
ISO11783-7,implement-guidance-command-public-status-strict-decoder,CurvatureCommandStatus strict public decoder,no extra C API,no extra Python API,rust-only,standard-suite,maintain guidance command public strict decoder test
ISO11783-7,implement-top-level-guidance-envelope-validation,GuidanceData decode validation,no extra C API,no extra Python API,rust-only,standard-suite,maintain top-level guidance envelope source and payload test
ISO11783-7,implement-hitch-pto-combined-roll-pitch-canonicalization,HitchPtoCombinedCmd and HitchRollPitchCmd decode validation,no extra C API,no extra Python API,internal-only,standard-suite,maintain hitch PTO combined and roll-pitch canonicalization test
ISO11783-7,implement-lighting-fixed-frame-canonicalization,LightingState decode validation,no extra C API,no extra Python API,internal-only,standard-suite,maintain lighting canonical fixed-frame test
ISO11783-7,implement-guidance-status-reserved-padding,GuidanceMachineInfo and GuidanceSystemStatus decode validation,no extra C API,no extra Python API,internal-only,standard-suite,maintain guidance reserved status and padding test
ISO11783-7,implement-guidance-public-packed-status-strict-decoders,guidance packed status public decoders,no extra C API,no extra Python API,rust-only,standard-suite,maintain guidance public strict decoder test
ISO11783-7,implement-hitch-status-reserved-exit-code,HitchStatus decode validation,no extra C API,no extra Python API,internal-only,standard-suite,maintain hitch-status reserved exit-code test
ISO11783-7,implement-exit-reason-public-strict-decoders,ExitReasonCode strict public decoders,no extra C API,no extra Python API,rust-only,standard-suite,maintain exit-reason public strict decoder test
ISO11783-7,implement-speed-distance-scalar-sentinel-validation,speed distance status decode validation,no extra C API,no extra Python API,internal-only,standard-suite,maintain speed-distance sentinel rejection test
ISO11783-7,implement-speed-distance-reserved-signal-range-validation,speed distance status signal range validation,no extra C API,no extra Python API,internal-only,standard-suite,maintain reserved signal range rejection test
ISO11783-7,implement-speed-distance-message-envelope-validation,SpeedAndDistance full-message helper,no extra C API,no extra Python API,internal-only,standard-suite,maintain speed-distance wrong-PGN invalid-source PDU2-destination helper test
ISO11783-7,implement-tractor-control-mode-reserved-values,TractorControlModeMsg decode validation,no extra C API,no extra Python API,internal-only,standard-suite,maintain tractor-control-mode reserved-value test
ISO11783-8,powertrain,src/j1939/engine.rs,facade-through-session,facade-through-session,partial-facade,standard-suite-and-bindings,add binding coverage for newly selected powertrain messages
ISO11783-8,powertrain-message-state-matrix,Powertrain message family coverage matrix,no extra C API,no extra Python API,internal-only,standard-suite,maintain powertrain message matrix coverage test
ISO11783-8,powertrain-eec1-tail-starter-and-required-sentinels,Eec1 decode validation,no extra C API,no extra Python API,internal-only,standard-suite,maintain EEC1 tail starter and sentinel tests
ISO11783-8,powertrain-eec2-control-reserved-nibble,Eec2 decode validation,no extra C API,no extra Python API,internal-only,standard-suite,maintain EEC2 reserved-nibble test
ISO11783-8,powertrain-eec2-optional-scalar-special-values,Eec2 optional scalar decode validation,no extra C API,no extra Python API,internal-only,standard-suite,maintain EEC2 optional scalar special-value test
ISO11783-8,powertrain-eec3-asymmetry-special-values,Eec3 asymmetry decode validation,no extra C API,no extra Python API,internal-only,standard-suite,maintain EEC3 asymmetry special-value test
ISO11783-8,powertrain-engine-full-message-helper-envelope-validation,Eec1 Eec2 Eec3 ET1 ET2 EFLP EngineHours FuelEconomy FuelConsumption Tsc1 Vep1 Ambient Dash VehiclePosition AT1 and AT2 full-message helpers,no extra C API,no extra Python API,internal-only,standard-suite,maintain engine helper PGN source and PDU2-destination envelope validation tests
ISO11783-8,powertrain-identification-exact-star-fields,ComponentIdentification and VehicleIdentification decode validation,no extra C API,no extra Python API,internal-only,standard-suite,maintain identification exact-field test
ISO11783-8,powertrain-identification-full-message-helper-envelope-validation,ComponentIdentification and VehicleIdentification full-message helpers,no extra C API,no extra Python API,internal-only,standard-suite,maintain identification helper PGN source and PDU2-destination envelope validation test
ISO11783-8,powertrain-scalar-not-available-sentinel-validation,powertrain scalar decode validation,no extra C API,no extra Python API,internal-only,standard-suite,maintain scalar sentinel rejection tests
ISO11783-8,powertrain-multibyte-special-value-rejection,powertrain multibyte sentinel decode validation,no extra C API,no extra Python API,internal-only,standard-suite,maintain multibyte error-indicator rejection tests
ISO11783-8,powertrain-one-byte-scaled-special-value-rejection,powertrain one-byte scaled numeric decode validation,no extra C API,no extra Python API,internal-only,standard-suite,maintain one-byte special-value rejection tests including EEC2 engine load
ISO11783-8,powertrain-percentage-special-value-validation,powertrain percentage-field decode validation,no extra C API,no extra Python API,internal-only,standard-suite,maintain percentage special-value rejection test
ISO11783-8,powertrain-at1-ambient-shared-pgn-disambiguation,AT1 status validation and shared-PGN disambiguation,no extra C API,no extra Python API,internal-only,standard-suite,maintain AT1 status and shared-PGN no-cross-mutation tests
ISO11783-8,powertrain-tsc1-command-round-trip-and-sentinel-validation,Tsc1 decode validation,no extra C API,no extra Python API,internal-only,standard-suite,maintain TSC1 round-trip and sentinel tests
ISO11783-8,powertrain-tsc1-control-reserved-bit-validation,Tsc1 control-byte decode validation,no extra C API,no extra Python API,internal-only,standard-suite,maintain TSC1 reserved control bit test
ISO11783-8,powertrain-public-override-mode-strict-decoder,OverrideControlMode strict public decoder,no extra C API,no extra Python API,rust-only,standard-suite,maintain public override-mode strict decoder test
ISO11783-8,transmission-scalar-not-available-sentinel-validation,transmission scalar decode validation,no extra C API,no extra Python API,internal-only,standard-suite,maintain transmission scalar sentinel rejection test
ISO11783-8,powertrain-ingress-envelope-and-source-validation,transmission helper and session powertrain ingress,no extra C API,no extra Python API,internal-only,standard-suite,maintain powertrain wrong-PGN invalid-source PDU2-destination helper and session-ingress test
ISO11783-8,powertrain-transmission-cruise-helper-and-stack-envelope-validation,CruiseControl full-message helper and session ingress validation,no extra C API,no extra Python API,internal-only,standard-suite,maintain cruise-control helper and PDU2-destination no-mutation tests
ISO11783-8,powertrain-stack-fixed-frame-no-mutation,session powertrain fixed-frame routing,no extra C API yet,no extra Python API yet,rust-only,standard-suite,maintain powertrain fixed-frame no-mutation test
ISO11783-8,powertrain-stack-special-value-no-mutation,session powertrain fixed-frame routing,no extra C API yet,no extra Python API yet,rust-only,standard-suite,maintain powertrain special-value no-mutation test
ISO11783-8,powertrain-stack-variable-identification-transport,session powertrain variable identification routing,no extra C API yet,no extra Python API yet,rust-only,standard-suite,maintain powertrain variable identification test
ISO11783-9,tractor-ecu,src/isobus/tractor_ecu.rs,facade-through-session,facade-through-session,partial-facade,standard-suite-and-bindings,keep maintain power and TECU lifecycle parity tests current
ISO11783-9,tecu-state-matrix,TECU facility classification preset and maintain-power coverage matrix,no extra C API,no extra Python API,internal-only,standard-suite,maintain TECU state matrix coverage test
ISO11783-9,tecu-tractor-facility-role-pgn-separation,TractorFacilitiesRole PGN mapping,no extra C API,no extra Python API,internal-only,standard-suite,maintain role PGN separation test
ISO11783-9,tecu-classification-addendum-and-power-defaults,TecuClassification and PowerConfig,no extra C API,no extra Python API,internal-only,standard-suite,maintain TECU classification and power defaults test
ISO11783-9,tecu-classification-config-admissibility,TecuClassification PowerConfig TecuConfig and session::presets::tractor validation,no extra C API,no extra Python API,rust-only,standard-suite,maintain TECU admissibility and preset rejection test
ISO11783-9,tecu-classification-facility-advertisement-gate,TecuClassification facility-advertisement gate,no extra C API,no extra Python API,rust-only,standard-suite,maintain class and addendum facility gate test
ISO11783-9,tecu-classification-advertisable-facility-matrix,TecuClassification advertisable_facilities and Tractor configured broadcast,no extra C API,no extra Python API,rust-only,standard-suite,maintain advertisable matrix and virtual-bus configured broadcast tests
ISO11783-9,tecu-tractor-preset-subsystem-wiring,session::presets::tractor TECU subsystem wiring,no extra C API,no extra Python API,rust-only,standard-suite,maintain session::presets::tractor facility and maintain-power wiring test
ISO11783-9,tecu-tractor-preset-facility-advertisement-guard,session::presets::tractor guarded facilities broadcast,no extra C API,no extra Python API,rust-only,standard-suite,maintain session::presets::tractor facility-advertisement guard test
ISO11783-9,tecu-maintain-power-request-expiry-boundary,TecuMaintainPowerRequest expiry,no extra C API,no extra Python API,internal-only,standard-suite,maintain maintain-power request expiry boundary test
ISO11783-9,tecu-tractor-facility-bit-matrix-and-payload-shape,TractorFacilities bit matrix decode validation,no extra C API,no extra Python API,internal-only,standard-suite,maintain facility bit matrix and payload shape tests
ISO11783-9,tecu-tractor-facilities-codec,TractorFacilities codec (src/isobus/implement/tractor_facilities.rs),no extra C API yet,no extra Python API yet,rust-only,standard-suite,maintain tractor-facilities codec invalid-source and PDU2 destination-metadata test
ISO11783-9,tecu-maintain-power-pgn-envelope,PowerManager maintain-power handler,no extra C API,no extra Python API,internal-only,standard-suite,maintain wrong-PGN and invalid-destination no-extension test
ISO11783-9,tecu-maintain-power-canonical-frame-and-source-validation,MaintainPowerData decode helper and PowerManager ingress validation,no extra C API,no extra Python API,internal-only,standard-suite,maintain canonical frame source destination and helper-envelope test
ISO11783-9,tecu-maintain-power-public-strict-decoders,MaintainPower two-bit public decoders,no extra C API,no extra Python API,rust-only,standard-suite,maintain maintain-power public strict decoder test
ISO11783-9,tecu-maintain-power-strict-packed-field-extraction,MaintainPowerData packed field extraction,no extra C API,no extra Python API,internal-only,standard-suite,maintain maintain-power strict packed field extraction test
ISO11783-9,tecu-class-public-strict-decoder,TecuClass strict public decoder,no extra C API,no extra Python API,rust-only,standard-suite,maintain TECU class strict decoder assertions
ISO11783-9,tecu-maintain-power-shutdown-request-window,PowerManager maintain-power timers,no extra C API,no extra Python API,internal-only,standard-suite,maintain shutdown freshness and CF cadence test
ISO11783-9,tecu-maintain-power-dual-rail-request-window,PowerManager maintain-power rail request handling,no extra C API,no extra Python API,internal-only,standard-suite,maintain dual-rail shutdown extension test
ISO11783-9,tecu-maintain-power-maximum-extension-limit,PowerManager maintain-power maximum extension,no extra C API,no extra Python API,internal-only,standard-suite,maintain maximum extension limit test
ISO11783-9,tecu-maintain-power-stack-source-lifecycle,session maintain-power routing,facade-through-session,facade-through-session,partial-facade,standard-suite,maintain session source-scoped lifecycle and invalid-source invalid-destination no-mutation tests
ISO11783-10,task-controller,src/isobus/tc,facade-through-session,facade-through-session,partial-facade,standard-suite-and-bindings,map every DDOP and process-data workflow to facade decision
ISO11783-10,tc-workflow-state-matrix,Task Controller workflow coverage matrix,no extra C API,no extra Python API,internal-only,standard-suite,maintain TC workflow matrix coverage test
ISO11783-10,tc-ddop-minimal-graph-round-trip,DDOP parser serializer validator,no extra C API,no extra Python API,internal-only,standard-suite,maintain minimal graph DDOP round-trip test
ISO11783-10,tc-ddop-graph-reference-validation,DDOP graph validator,no extra C API,no extra Python API,internal-only,standard-suite,maintain DDOP graph reference validation tests
ISO11783-10,tc-ddop-null-and-self-reference-rejection,DDOP validation,no extra C API,no extra Python API,internal-only,standard-suite,maintain null/self-reference DDOP validation test
ISO11783-10,tc-ddop-process-data-trigger-reserved-bits,DeviceProcessData and DDOP validation,no extra C API,no extra Python API,internal-only,standard-suite,maintain DDOP trigger reserved-bit test
ISO11783-10,tc-ddop-text-scale-encoding-validation,DDOP object field validation,no extra C API,no extra Python API,internal-only,standard-suite,maintain text and scale validation test
ISO11783-10,tc-process-data-command-nibble-round-trip,TC process-data command codec,no extra C API,no extra Python API,internal-only,standard-suite,maintain command nibble round-trip test
ISO11783-10,tc-client-status-envelope-validation,TaskControllerClient status validation and session TC ingress,session-routed TC client,session-routed TC client,partial-facade,standard-suite,maintain TC client status envelope source destination and session no-mutation tests
ISO11783-10,tc-status-busy-source-and-binding,TaskControllerClient and TaskControllerServer status handling,no extra C API,no extra Python API,internal-only,standard-suite,maintain TC status busy-source and binding test
ISO11783-10,tc-geo-gnss-position-ingress-validation,TCGEOInterface GNSS ingress validation,no extra C API,no extra Python API,rust-only,standard-suite,maintain TC-GEO invalid source destination envelope and coordinate no-mutation test
ISO11783-10,tc-geo-prescription-rate-payload-validation,TCGEOInterface prescription rate helpers,no extra C API,no extra Python API,rust-only,standard-suite,maintain TC-GEO DDI resolution and range payload test
ISO11783-10,tc-geo-prescription-zone-exit-reentry-state,TCGEOInterface prescription-zone update state,no extra C API,no extra Python API,rust-only,standard-suite,maintain TC-GEO zone exit and re-entry state test
ISO11783-10,tc-geo-prescription-map-reload-state,TCGEOInterface prescription-map lifecycle,no extra C API,no extra Python API,rust-only,standard-suite,maintain TC-GEO map clear and reload state test
ISO11783-10,tc-lifecycle-request-envelope-validation,TaskControllerServer lifecycle request validation,no extra C API,no extra Python API,internal-only,standard-suite,maintain TC lifecycle malformed-frame rejection test
ISO11783-10,tc-client-lifecycle-response-envelope-validation,TaskControllerClient lifecycle response validation,no extra C API,no extra Python API,internal-only,standard-suite,maintain TC client lifecycle malformed-response test
ISO11783-10,tc-lifecycle-client-creation-and-label-guards,TaskControllerServer lifecycle client and label guards,no extra C API,no extra Python API,internal-only,standard-suite,maintain lifecycle allocation and label guard tests
ISO11783-10,tc-process-data-envelope-validation,TaskControllerClient and TaskControllerServer process-data validation,no extra C API,no extra Python API,internal-only,standard-suite,maintain TC process-data malformed-payload test
ISO11783-10,tc-server-client-version-response-envelope-validation,TaskControllerServer client-version response validation,no extra C API,no extra Python API,internal-only,standard-suite,maintain TC server malformed client-version source destination and session ingress rejection tests
ISO11783-10,tc-process-data-reserved-and-unsupported-command-rejection,TaskControllerClient and TaskControllerServer process-data command validation,no extra C API,no extra Python API,internal-only,standard-suite,maintain TC reserved and unsupported process-data command test
ISO11783-10,tc-peer-control-assignment-and-registry-validation,TC peer-control registry and assignment codecs,no extra C API,no extra Python API,internal-only,standard-suite,maintain peer-control assignment registry tests
ISO11783-10,tc-peer-control-global-destination-rejection,TC peer-control assignment address validation,no extra C API,no extra Python API,internal-only,standard-suite,maintain peer-control global-destination rejection test
ISO11783-10,tc-process-data-set-value-and-measurement-builders,TaskControllerServer process-data builders,no extra C API,no extra Python API,internal-only,standard-suite,maintain set-value and measurement builder tests
ISO11783-10,tc-measurement-command-builder-bounds,TaskControllerServer measurement command builders,no extra C API,no extra Python API,internal-only,standard-suite,maintain TC measurement command builder bounds test
ISO11783-10,tc-measurement-runtime-periodic-and-invalid-target-guards,TaskControllerServer measurement trigger runtime,no extra C API,no extra Python API,internal-only,standard-suite,maintain measurement runtime periodic and invalid-target tests
ISO11783-10,tc-measurement-threshold-crossing-runtime,TaskControllerServer measurement trigger runtime,no extra C API,no extra Python API,internal-only,standard-suite,maintain threshold crossing runtime test
ISO11783-10,tc-geo-process-data-value-header-canonicality,TCGEOInterface process-data payload builders,no extra C API,no extra Python API,internal-only,standard-suite,maintain TC-GEO value-header canonicality test
ISO11783-10,tc-public-error-status-strict-decoders,TC server option public error decoders,no extra C API,no extra Python API,rust-only,standard-suite,maintain TC public strict error decoder test
ISO11783-10,tc-version-capability-option-reserved-bit-validation,TC client server capability option and topology-count validation,no extra C API,no extra Python API,internal-only,standard-suite,maintain TC capability option reserved-bit and unadvertisable topology-count validation test
ISO11783-11,mobile-data-element-dictionary,src/isobus/tc/ddi_database.rs,not-exposed,not-exposed,rust-only,standard-suite,avoid exposing private dictionary tables through bindings and refresh generated table from newer public export
ISO11783-11,ddi-source-policy-matrix,DDI source-policy and public-reference coverage matrix,no extra C API,no extra Python API,internal-only,standard-suite,maintain DDI source-policy matrix coverage test
ISO11783-11,ddi-source-policy-and-public-ddi-references,ddi_database metadata and public docs/example/helper DDI references plus custom-source guidance,not-exposed,not-exposed,rust-only,standard-suite,maintain source-policy public-reference no-magic-DDI custom-source-doc and DDOP helper semantic tests
ISO11783-11,ddi-proprietary-range-and-unknown-sentinel,DDI category helpers and DataDictionary sentinel,not-exposed,not-exposed,rust-only,standard-suite,maintain proprietary range and unknown sentinel test
ISO11783-11,ddi-engineering-conversion-boundaries,DDI engineering conversion helpers,not-exposed,not-exposed,rust-only,standard-suite,maintain engineering conversion boundary test
ISO11783-12,diagnostics,src/j1939/diagnostic.rs,facade-through-session,facade-through-session,partial-facade,standard-suite-and-bindings,maintain diagnostic service bad-envelope session coverage and add facade decisions for each new diagnostic service
ISO11783-12,diagnostics-service-state-matrix,Diagnostics service coverage matrix,no extra C API,no extra Python API,internal-only,standard-suite,maintain diagnostics service matrix coverage test
ISO11783-12,diagnostics-dtc-and-fmi-reserved-value-validation,DTC FMI DM22 and DM25 decode validation,no extra C API,no extra Python API,internal-only,standard-suite,maintain DTC and FMI reserved-value tests
ISO11783-12,diagnostics-lamp-and-dtc-list-shape-validation,Diagnostic lamps and DTC-list decode validation,no extra C API,no extra Python API,internal-only,standard-suite,maintain lamp and DTC-list shape tests
ISO11783-12,diagnostics-public-strict-lamp-decoders,Diagnostic lamp public decoders,no extra C API,no extra Python API,rust-only,standard-suite,maintain public lamp strict decoder test
ISO11783-12,diagnostics-empty-dtc-placeholder-canonicality,DTC-list empty placeholder decode validation,no extra C API,no extra Python API,internal-only,standard-suite,maintain DTC-list placeholder canonicality test
ISO11783-12,diagnostics-empty-dtc-placeholder-position,DTC-list empty placeholder decode validation,no extra C API,no extra Python API,internal-only,standard-suite,maintain DTC-list placeholder position test
ISO11783-12,diagnostics-dm4-single-frame-canonical-padding,Dm4Message driver-information frame shape,no extra C API,no extra Python API,internal-only,standard-suite,maintain DM4 canonical padding test
ISO11783-12,diagnostics-clear-all-and-broadcast-control-shapes,DmClearAllRequest and Dm13Signals decode validation,no extra C API,no extra Python API,internal-only,standard-suite,maintain clear-all and broadcast-control tests
ISO11783-12,diagnostics-dm7-dm14-service-field-validation,Dm7Command and Dm14Request decode validation,no extra C API,no extra Python API,internal-only,standard-suite,maintain DM7 service field and DM14 source/destination helper-envelope tests
ISO11783-12,diagnostics-dm14-command-public-strict-decoder,DM14 command strict public decoder,no extra C API,no extra Python API,rust-only,standard-suite,maintain DM14 command strict decoder test
ISO11783-12,diagnostics-dm13-network-command-validation,Dm13Signals decode validation,no extra C API,no extra Python API,internal-only,standard-suite,maintain DM13 undefined network-command test
ISO11783-12,diagnostics-dm13-strict-network-command-decoder,DM13 public command decoder,no extra C API,no extra Python API,rust-only,standard-suite,maintain DM13 strict network command decoder test
ISO11783-12,diagnostics-public-strict-service-field-decoders,DM13 suspend and DM14 pointer public decoders,no extra C API,no extra Python API,rust-only,standard-suite,maintain diagnostics service field strict decoder test
ISO11783-12,diagnostics-dm13-suspend-signal-high-nibble-validation,Dm13Signals suspend signal decode validation,no extra C API,no extra Python API,internal-only,standard-suite,maintain DM13 suspend-signal high-nibble test
ISO11783-12,diagnostics-dm15-memory-response-status-reserved-bits,Dm15Response decode validation,no extra C API,no extra Python API,internal-only,standard-suite,maintain DM15 reserved-status test
ISO11783-12,diagnostics-dm15-status-public-strict-decoder,DM15 status strict public decoder,no extra C API,no extra Python API,rust-only,standard-suite,maintain DM15 status strict decoder test
ISO11783-12,diagnostics-memory-access-command-and-transfer-boundaries,Dm14Request and Dm16Transfer validation,no extra C API,no extra Python API,internal-only,standard-suite,maintain DM14 command/pointer and DM16 length-boundary tests
ISO11783-12,diagnostics-memory-service-stack-no-mutation,DmMemory session ingress validation,facade-through-session,facade-through-session,facade-exposed,standard-suite-and-bindings,maintain malformed and null-destination service-frame no-mutation test
ISO11783-12,diagnostics-service-stack-bad-envelope-no-mutation,Diagnostic service session ingress validation,facade-through-session,facade-through-session,facade-exposed,standard-suite-and-bindings,maintain bad-source and bad-destination diagnostic service no-mutation test
ISO11783-12,diagnostics-dm16-and-identification-variable-payloads,Dm16Transfer and EcuIdentification decode validation,no extra C API,no extra Python API,internal-only,standard-suite,maintain DM16 and ECU identification variable payload tests
ISO11783-12,diagnostics-dm8-test-result-reserved-spn-bits,Dm8TestResult decode validation,no extra C API,no extra Python API,internal-only,standard-suite,maintain DM8 reserved-bit test
ISO11783-12,diagnostics-dm22-control-reason-shape-validation,Dm22Message decode validation,no extra C API,no extra Python API,internal-only,standard-suite,maintain DM22 control reason shape test
ISO11783-12,diagnostics-dm22-public-strict-service-decoders,DM22 control and NACK reason public decoders,no extra C API,no extra Python API,rust-only,standard-suite,maintain DM22 public strict decoder assertions
ISO11783-12,diagnostics-monitor-ratio-freeze-frame-shapes,Dm20Response and FreezeFrame decode validation,no extra C API,no extra Python API,internal-only,standard-suite,maintain DM20 and FreezeFrame shape tests
ISO11783-12,diagnostics-identification-readiness-driver-info-shapes,Dm4 Dm5 Dm9 Dm10 Dm21 decode validation,no extra C API,no extra Python API,internal-only,standard-suite,maintain identification readiness and driver-info shape test
ISO11783-12,diagnostics-protocol-id-capability-bit-validation,DiagnosticProtocolId decode validation,no extra C API,no extra Python API,internal-only,standard-suite,maintain protocol-id capability bit validation test
ISO11783-12,diagnostics-protocol-id-public-protocol-strict-decoder,DiagProtocol strict public decoder,no extra C API,no extra Python API,rust-only,standard-suite,maintain diagnostic protocol public strict decoder test
ISO11783-12,diagnostics-protocol-id-outbound-reserved-bit-mask,DiagnosticProtocolId encode validation,no extra C API,no extra Python API,internal-only,standard-suite,maintain protocol-id outbound reserved-bit mask test
ISO11783-12,diagnostics-control-function-functionality-option-counts,Functionalities encode and decode validation,facade-through-session,facade-through-session,partial-facade,standard-suite,maintain canonical generation and option-count test
ISO11783-12,diagnostics-control-function-functionality-public-strict-decoder,Functionality strict public decoder,no extra C API,no extra Python API,rust-only,standard-suite,maintain functionality public strict decoder test
ISO11783-12,diagnostics-control-function-functionality-count-and-generation-range,Functionalities minimum count and generation validation,facade-through-session,facade-through-session,partial-facade,standard-suite,maintain zero-count and minimum-CF preservation test
ISO11783-12,diagnostics-control-function-functionality-request-source-validation,Control Function Functionalities responder,facade-through-session,facade-through-session,partial-facade,standard-suite,maintain request invalid-source no-response test
ISO11783-12,diagnostics-product-software-identification-star-fields,ProductIdentification and SoftwareIdentification decode validation,no extra C API,no extra Python API,internal-only,standard-suite,maintain product and software identification star-field test
ISO11783-12,diagnostics-identification-single-byte-text-validation,diagnostic identification text codecs,no extra C API,no extra Python API,internal-only,standard-suite,maintain single-byte diagnostic text validation test
ISO11783-12,diagnostics-dm25-freeze-frame-request-shape,Dm25Request decode validation,no extra C API,no extra Python API,internal-only,standard-suite,maintain DM25 freeze-frame request shape test
ISO11783-13,file-server,src/isobus/fs,facade-through-session,facade-through-session,facade-exposed,standard-suite-and-bindings,maintain typed File Server event parity across C and Python
ISO11783-13,fs-operation-error-state-matrix,File Server operation/error checklist and standard tests,no extra C API,no extra Python API,internal-only,standard-suite,maintain operation matrix coverage test
ISO11783-13,fs-read-write-directory-counts,FsHandle::read/write,machbus_fs_read/write,fs_read/fs_write,facade-exposed,standard-suite-and-bindings,maintain two-byte count handling across Rust C Python and fixtures
ISO11783-13,fs-file-date-time,FsHandle::file_date_time,machbus_fs_file_date_time,fs_file_date_time,facade-exposed,standard-suite-and-bindings,maintain date time facade event parity
ISO11783-13,fs-file-date-time-field-range-validation,DOS date time range validation,no extra C API,no extra Python API,internal-only,standard-suite,maintain File Server date time field range validation test
ISO11783-13,fs-client-reserved-error-code-rejection,FileClient response error-code parser,no extra C API,no extra Python API,internal-only,standard-suite,maintain reserved File Server error-byte rejection test
ISO11783-13,file-server-public-error-strict-decoder,FSError strict public decoder and response-validation gate,no extra C API,no extra Python API,rust-only,standard-suite,maintain File Server public error strict decoder test and strict-gate consistency
ISO11783-13,file-server-legacy-transfer-error-strict-decoder,FileTransferError strict public decoder,no extra C API,no extra Python API,rust-only,standard-suite,maintain legacy File Transfer error strict decoder test
ISO11783-13,file-server-legacy-operation-strict-decoder,FileOperation strict public decoder,no extra C API,no extra Python API,rust-only,standard-suite,maintain legacy operation strict decoder test
ISO11783-13,file-server-function-public-strict-decoder,FSFunction strict public decoder,no extra C API,no extra Python API,rust-only,standard-suite,maintain File Server function strict decoder test
ISO11783-13,file-server-volume-state-public-strict-decoders,VolumeState and VolumeStateV2 strict public decoders,no extra C API,no extra Python API,rust-only,standard-suite,maintain File Server volume state strict decoder test
ISO11783-13,fs-removed-volume-current-directory-state,FileServer current-directory state,server-owned behavior,server-owned behavior,internal-only,standard-suite,maintain server-side media removal test
ISO11783-13,fs-removed-volume-path-operation-errors,FileServer media-state gates,server-owned behavior,server-owned behavior,internal-only,standard-suite,maintain server-side absent-media mutation test
ISO11783-13,fs-removed-volume-initialize-volume,FileServer initialize-volume gate,server-owned behavior,server-owned behavior,internal-only,standard-suite,maintain absent-media InitializeVolume rejection test
ISO11783-13,fs-client-removed-volume-cache-reset,FileClient volume status handling,facade-through-session,facade-through-session,facade-exposed,standard-suite,maintain removed-volume client cache reset test
ISO11783-13,fs-create-move-parent-directory-validation,FileServer path topology checks,server-owned behavior,server-owned behavior,internal-only,standard-suite,maintain parent-directory create move test
ISO11783-13,fs-open-dir-wildcard-final-component,FileServer OpenDir handling,server-owned behavior,server-owned behavior,internal-only,standard-suite,maintain wildcard OpenDir server test
ISO11783-13,fs-get-directory-attributes,FileServer attribute target typing,server-owned behavior,server-owned behavior,internal-only,standard-suite,maintain directory attribute server test
ISO11783-13,fs-client-tan-reserved-wrap,FileClient transaction number allocator,no extra C API,no extra Python API,internal-only,standard-suite,maintain client TAN reserved wrap test
ISO11783-13,fs-client-request-timeout-late-response-drop,FileClient request timeout and late-response handling,no extra C API,no extra Python API,internal-only,standard-suite,maintain request timeout boundary and late-response drop test
ISO11783-13,fs-reserved-file-handle-operation-rejection,FileServer file-handle validation,no extra C API,no extra Python API,internal-only,standard-suite,maintain reserved file handle rejection test
ISO11783-13,fs-client-status-broadcast-canonical-shape,FileClient status broadcast parser,no extra C API,no extra Python API,internal-only,standard-suite,maintain malformed status broadcast client test
ISO11783-13,fs-client-close-seek-success-canonical-shape,FileClient close and seek response validation,no extra C API,no extra Python API,internal-only,standard-suite,maintain malformed close and seek success rejection test
ISO11783-13,fs-conflicting-open-access-modes,FileServer open access arbitration,server-owned behavior,server-owned behavior,internal-only,standard-suite,maintain conflicting open access server test
ISO11783-13,fs-volume-status-request-lifecycle,FileClient and FsHandle volume status methods,machbus_fs_volume_status prepare_volume_for_removal maintain_volume,fs_volume_status fs_prepare_volume_for_removal fs_maintain_volume,facade-exposed,standard-suite-and-bindings,maintain volume status request and event parsing tests
ISO11783-13,fs-v2-properties-volume-status-reserved-bit-validation,FileServerPropertiesV2 and VolumeStatus decode validation,no extra C API,no extra Python API,internal-only,standard-suite,maintain v2 property and volume-status reserved-bit validation test
ISO11783-13,fs-v2-volume-status-name-validation,VolumeStatus decode validation,no extra C API,no extra Python API,internal-only,standard-suite,maintain v2 volume-status name validation test
ISO11783-13,fs-v2-volume-status-capacity-consistency,VolumeStatus capacity accounting validation,no extra C API,no extra Python API,internal-only,standard-suite,maintain v2 volume-status capacity consistency test
ISO11783-13,fs-status-open-file-count-range-validation,FileServerStatus response parser,no extra C API,no extra Python API,internal-only,standard-suite,maintain File Server status open-file-count range validation test
ISO11783-13,fs-property-count-range-validation,File Server property count validators,no extra C API,no extra Python API,internal-only,standard-suite,maintain File Server property count range validation test
ISO11783-13,fs-property-version-range-validation,File Server property version validators,no extra C API,no extra Python API,internal-only,standard-suite,maintain File Server property version range validation test
ISO11783-13,fs-client-explicit-server-request-state-gates,File Client explicit properties and status refresh builders,no extra C API,no extra Python API,rust-only,standard-suite,maintain disconnected explicit server request rejection test
ISO11783-13,fs-client-volume-status-counted-name-and-pending-state,FileClient VolumeStatus response parser,no extra C API,no extra Python API,internal-only,standard-suite,maintain malformed VolumeStatus pending-state test
ISO11783-13,fs-client-volume-status-tan-scope,FileClient VolumeStatus pending request table,no extra C API,no extra Python API,internal-only,standard-suite,maintain VolumeStatus TAN-scoped pending cleanup test
ISO11783-13,fs-client-volume-status-removal-time-range,FileClient VolumeStatus response parser,no extra C API,no extra Python API,internal-only,standard-suite,maintain VolumeStatus removal-time range validation test
ISO11783-13,fs-client-volume-status-requested-name-match,FileClient VolumeStatus response parser,no extra C API,no extra Python API,internal-only,standard-suite,maintain VolumeStatus requested-name matching test
ISO11783-13,fs-client-volume-status-name-validation,FileClient VolumeStatus response parser,no extra C API,no extra Python API,internal-only,standard-suite,maintain malformed VolumeStatus name validation test
ISO11783-13,fs-volume-name-ascii-validation,shared File Server volume-name validator,no extra C API,no extra Python API,internal-only,standard-suite,maintain volume-name ASCII validation across client and server test
ISO11783-13,fs-client-current-directory-name-validation,FileClient GetCurrentDirectory response parser,no extra C API,no extra Python API,internal-only,standard-suite,maintain current-directory response name validation test
ISO11783-13,fs-client-path-byte-validation,FileClient path request builders,no extra C API,no extra Python API,internal-only,standard-suite,maintain non-ASCII path request rejection test
ISO11783-13,fs-server-counted-path-byte-validation,FileServer counted path parsers,server-owned behavior,server-owned behavior,internal-only,standard-suite,maintain non-ASCII counted path parser rejection test
ISO11783-13,fs-initialize-volume-counted-request,FileServer InitializeVolume request parser,server-owned behavior,server-owned behavior,internal-only,standard-suite,maintain counted InitializeVolume request test
ISO11783-13,fs-client-management-request-surface,FileClient FsHandle move delete attribute initialize requests,machbus_fs_move_file delete_file file_attributes set_file_attributes initialize_volume,fs_move_file fs_delete_file fs_file_attributes fs_set_file_attributes fs_initialize_volume,facade-exposed,standard-suite-and-bindings,maintain file client management request validation and binding surface tests
ISO11783-13,fs-client-advertised-capability-request-gates,FileClient optional capability request guards,facade-through-session,facade-through-session,facade-exposed,standard-suite-and-bindings,maintain advertised capability request gate test
ISO11783-13,fs-tan-reuse-operation-mismatch-replay,FileServer TAN cache replay,no extra C API,no extra Python API,internal-only,standard-suite,maintain same-TAN different-operation replay test
ISO11783-13,fs-tan-cache-source-scope,FileServer TAN cache,server-owned behavior,server-owned behavior,internal-only,standard-suite,maintain source-scoped TAN cache test
ISO11783-13,fs-ccm-canonical-keepalive-connection,FileServer CCM keepalive parser,server-owned behavior,server-owned behavior,internal-only,standard-suite,maintain canonical CCM connection test
ISO11783-13,fs-server-ccm-liveness-separate-from-request-bookkeeping,FileServer client liveness tracking,server-owned behavior,server-owned behavior,internal-only,standard-suite,maintain non-CCM request bookkeeping versus CCM liveness test
ISO11783-13,fs-raw-endpoint-envelope-validation,FileClient and FileServer raw message ingress,no extra C API,no extra Python API,internal-only,standard-suite,maintain raw File Server wrong-PGN invalid-source null-destination no-mutation test
ISO11783-13,fs-stack-endpoint-envelope-validation,File Server session endpoint ingress,facade-through-session,facade-through-session,facade-exposed,standard-suite,maintain FS wrong/null-destination and invalid-source no-mutation tests
ISO11783-14,sequence-control,src/isobus/sc,facade-through-session,facade-through-session,facade-exposed,standard-suite-and-bindings,maintain master client lifecycle parity across C and Python
ISO11783-14,sc-supported-and-unsupported-state-matrix,Sequence Control state support matrix and standard tests,no extra C API,no extra Python API,internal-only,standard-suite,maintain state matrix coverage test
ISO11783-14,sc-wire-constants-and-public-enum-boundaries,SC constants and state enums,constant only no extra C API,constant only no extra Python API,internal-only,standard-suite,maintain wire constants and public enum tests
ISO11783-14,sc-public-status-enum-strict-decoders,SC status state enum strict decoders and status-validation gates,no extra C API,no extra Python API,rust-only,standard-suite,maintain SC public strict decoder test and strict-gate consistency
ISO11783-14,sc-master-client-lifecycle-and-visible-status,SCMaster and SCClient lifecycle state machines,facade-through-session,facade-through-session,facade-exposed,standard-suite-and-bindings,maintain lifecycle visible-status tests
ISO11783-14,sc-malformed-status-rejection,SC status validation,no extra C API,no extra Python API,internal-only,standard-suite,maintain malformed status rejection test
ISO11783-14,sc-sequence-number-reserved-range,SC_MAX_SEQUENCE_STEP_ID and SC status validation,constant only no extra C API,constant only no extra Python API,internal-only,standard-suite,maintain reserved sequence-number rejection tests
ISO11783-14,sc-inactive-status-sequence-field-validation,SC status validation,no extra C API,no extra Python API,internal-only,standard-suite,maintain inactive status sequence-field validation test
ISO11783-14,sc-reserved-raw-sequence-state-rejection,SC status parser raw sequence-state validation,no extra C API,no extra Python API,internal-only,standard-suite,maintain reserved raw sequence-state rejection test
ISO11783-14,sc-unsupported-initialization-and-envelope-validation,SC status validation and session ingress envelope guards,session-routed SC,session-routed SC,partial-facade,standard-suite,maintain unsupported initialization source destination and endpoint validation tests
ISO11783-14,sc-two-client-acknowledgement-and-step-id-boundaries,SCMaster multi-client acknowledgement and step IDs,no extra C API,no extra Python API,internal-only,standard-suite,maintain two-client acknowledgement and step-id boundary tests
ISO11783-14,sc-master-disabled-client-active-ack-revocation,SCMaster active acknowledgement tracking,no extra C API,no extra Python API,internal-only,standard-suite,maintain disabled-client active acknowledgement revocation test
ISO11783-14,sc-timeout-abort-status-visibility,SCMaster timeout status emission,no extra C API,no extra Python API,internal-only,standard-suite,maintain timeout abort status visibility test
ISO11783-14,sc-client-busy-spacing-and-timeout,SCClient busy status pacing and timeout,no extra C API,no extra Python API,internal-only,standard-suite,maintain client busy spacing and timeout test
ISO11783-14,sc-master-busy-status-low-bits,SCMaster busy status flags and SCClient acceptance,no extra C API,no extra Python API,internal-only,standard-suite,maintain master busy low-bit status test
ISO11783-14,sc-client-inactive-master-session-reset,SCClient inactive master session reset,no extra C API,no extra Python API,internal-only,standard-suite,maintain inactive master session reset test
AEF-TIM,automation-authority-and-safe-state,src/isobus/tim.rs,not-exposed,not-exposed,rust-only,standard-suite,do not expose automation authority without stronger peer safety evidence
AEF-TIM,tim-authority-state-matrix,TIM authority option interlock and ingress coverage matrix,no extra C API,no extra Python API,internal-only,standard-suite,maintain TIM authority matrix coverage test
AEF-TIM,tim-unsupported-option-request-no-mutation,TimAuthority request validation,no extra C API,no extra Python API,rust-only,standard-suite,maintain unsupported option no-mutation test
AEF-TIM,tim-interlock-grant-safe-state-matrix,TimAuthority interlock grant validation,no extra C API,no extra Python API,rust-only,standard-suite,maintain interlock grant matrix test
AEF-TIM,tim-invalid-source-ingress-validation,TIM status command decoders and session ingress,no extra C API,no extra Python API,internal-only,standard-suite,maintain invalid-source and PDU2-destination decode plus session no-event ingress tests
AEF-TIM,tim-revoked-authority-fresh-request-cycle,TimAuthority interlock state machine,no extra C API,no extra Python API,rust-only,standard-suite,maintain revoked-authority fresh-request test
AEF-TIM,tim-deny-revoke-safe-state-cycle,TimAuthority denial and manual revoke states,no extra C API,no extra Python API,rust-only,standard-suite,maintain deny revoke safe-state command-blocking test
AEF-TIM,tim-authority-rerequest-narrows-command-grant,TimAuthority re-request lifecycle,no extra C API,no extra Python API,rust-only,standard-suite,maintain re-request narrowing test
AEF-TIM,tim-empty-authority-request-rejection,TimAuthority request validation,no extra C API,no extra Python API,rust-only,standard-suite,maintain empty authority request rejection test
AEF-TIM,tim-command-option-mapping-coverage,TimCommand to TimOption mapping,no extra C API,no extra Python API,rust-only,standard-suite,maintain command option mapping coverage test
AEF-TIM,tim-pto-hitch-status-pgn-envelope,PtoState and HitchState decode validation,no extra C API,no extra Python API,rust-only,standard-suite,maintain TIM PTO and hitch PGN envelope checks
AEF-TIM,tim-aux-valve-pgn-group-validation,TIM aux-valve PGN group validation and session ingress,no extra C API,no extra Python API,internal-only,standard-suite,maintain aux-valve PGN group validation test
NMEA2000,selected-pgn-subset,src/nmea selected PGN inventory,facade-through-session,facade-through-session,partial-facade,standard-suite-and-bindings,maintain selected PGN inventory test and decide additional facade coverage after peer evidence
NMEA2000,selected-pgn-state-matrix,NMEA selected PGN coverage matrix,no extra C API,no extra Python API,internal-only,standard-suite,maintain selected PGN matrix coverage test
NMEA2000,selected-pgn-ingress-envelope-gate,NMEAInterface source and PDU2 destination gate,no extra C API,no extra Python API,internal-only,standard-suite,maintain selected-PGN invalid-source and destination-metadata test
NMEA2000,selected-pgn-config-listen-gates,NMEAInterface listen-gate config,no extra C API,no extra Python API,internal-only,standard-suite,maintain selected PGN config-gate test
NMEA2000,selected-pgn-sequence-id-validation,NMEAInterface selected PGN SID validation,no extra C API,no extra Python API,internal-only,standard-suite,maintain selected PGN reserved SID test
NMEA2000,selected-categorical-field-reserved-value-validation,NMEAInterface categorical field handlers,no extra C API,no extra Python API,internal-only,standard-suite,maintain selected categorical reserved-value test
NMEA2000,fast-packet-tx-sequence-counter-wrap,FastPacketProtocol transmit framing,no extra C API,no extra Python API,internal-only,standard-suite,maintain Fast Packet transmit sequence wrap test
NMEA2000,fast-packet-interleaved-session-keying,FastPacketProtocol receive reassembly,no extra C API,no extra Python API,internal-only,standard-suite,maintain interleaved source and sequence reassembly test
NMEA2000,fast-packet-classic-frame-length-validation,FastPacketProtocol receive frame validation,no extra C API,no extra Python API,internal-only,standard-suite,maintain Fast Packet classic frame-length validation test
NMEA2000,fast-packet-rx-sequence-and-timeout-validation,FastPacketProtocol receive validation,no extra C API,no extra Python API,internal-only,standard-suite,maintain Fast Packet receive sequence and timeout tests
NMEA2000,management-invalid-peer-address-rejection,N2KManagement request validation,no extra C API,no extra Python API,internal-only,standard-suite,maintain management invalid-peer-address test
NMEA2000,management-pdu2-envelope-destination-validation,N2KManagement ingress envelope validation,no extra C API,no extra Python API,internal-only,standard-suite,maintain management PDU2 destination validation test
NMEA2000,management-malformed-response-pending-state,N2KManagement response validation,no extra C API,no extra Python API,internal-only,standard-suite,maintain management malformed-response pending-state test
NMEA2000,management-distinct-requested-pgn-tracking,N2KManagement pending request tracking,no extra C API,no extra Python API,internal-only,standard-suite,maintain management distinct-request tracking test
NMEA2000,management-request-timeout-and-retry-scope,N2KManagement pending request timeout,no extra C API,no extra Python API,internal-only,standard-suite,maintain management timeout and retry-scope test
NMEA2000,management-heartbeat-sequence-and-invalid-interval,N2KManagement heartbeat sender,no extra C API,no extra Python API,internal-only,standard-suite,maintain heartbeat sequence and invalid interval test
NMEA2000,management-product-info-fixed-field-boundaries,N2KProductInfo encode and decode validation,no extra C API,no extra Python API,internal-only,standard-suite,maintain product-info fixed-field boundary test
NMEA2000,management-product-info-fixed-field-padding,N2KProductInfo fixed text field decoder,no extra C API,no extra Python API,internal-only,standard-suite,maintain product-info hidden-garbage rejection test
NMEA2000,management-config-info-length-prefix-boundaries,N2KConfigInfo encode and decode validation,no extra C API,no extra Python API,internal-only,standard-suite,maintain config-info length-prefix boundary test
NMEA2000,attitude-axis-availability-validation,NMEAInterface attitude handler,no extra C API,no extra Python API,internal-only,standard-suite,maintain attitude unavailable-axis test
NMEA2000,battery-status-voltage-current-special-field-validation,NMEAInterface battery status handler,no extra C API,no extra Python API,internal-only,standard-suite,maintain unsigned voltage and signed current special-field test
NMEA2000,cog-sog-reference-validation,NMEAInterface COG/SOG handler,no extra C API,no extra Python API,internal-only,standard-suite,maintain COG/SOG reserved-reference and packed high-bit reference test
NMEA2000,cog-sog-numeric-special-value-validation,NMEAInterface COG/SOG handler,no extra C API,no extra Python API,internal-only,standard-suite,maintain COG/SOG reserved-numeric test
NMEA2000,circular-angle-range-validation,NMEAInterface COG heading and wind handlers/builders,no extra C API,no extra Python API,internal-only,standard-suite,maintain circular-angle range assertions
NMEA2000,engine-rapid-numeric-special-value-validation,NMEAInterface engine rapid handler,no extra C API,no extra Python API,internal-only,standard-suite,maintain engine-rapid reserved-numeric test
NMEA2000,engine-rapid-tilt-trim-special-value-validation,NMEAInterface engine rapid tilt trim handler,no extra C API,no extra Python API,internal-only,standard-suite,maintain engine-rapid tilt-trim special-value test
NMEA2000,engine-rapid-tilt-trim-range-validation,NMEAInterface engine rapid tilt trim handler,no extra C API,no extra Python API,internal-only,standard-suite,maintain engine-rapid tilt-trim signed range test
NMEA2000,fluid-level-numeric-special-value-validation,NMEAInterface fluid level handler,no extra C API,no extra Python API,internal-only,standard-suite,maintain fluid-level reserved-numeric test
NMEA2000,gnss-dops-mode-byte-validation,NMEAInterface GNSS DOP handler,no extra C API,no extra Python API,internal-only,standard-suite,maintain GNSS DOP mode-byte test
NMEA2000,gnss-dop-special-field-validation,NMEAInterface GNSS DOP and GNSS position detail handlers,no extra C API,no extra Python API,internal-only,standard-suite,maintain GNSS DOP special-field test
NMEA2000,gnss-position-detail-fix-method-validation,NMEAInterface GNSS position detail handler,no extra C API,no extra Python API,internal-only,standard-suite,maintain GNSS position detail reserved-fix-method test
NMEA2000,gnss-position-detail-defined-fix-method-coverage,NMEAInterface GNSS position detail fix method decode,no extra C API,no extra Python API,rust-only,standard-suite,maintain manual and simulated fix-method test
NMEA2000,gnss-position-detail-system-validation,NMEAInterface GNSS position-detail system validation,no extra C API,no extra Python API,internal-only,standard-suite,maintain GNSS system validation test
NMEA2000,gnss-position-detail-defined-system-coverage,NMEAInterface GNSS position-detail system validation,no extra C API,no extra Python API,rust-only,standard-suite,maintain defined GNSS system coverage assertions
NMEA2000,gnss-position-detail-reference-station-count-validation,NMEAInterface GNSS position-detail reference-station count validation,no extra C API,no extra Python API,internal-only,standard-suite,maintain GNSS reference-station count validation test
NMEA2000,gnss-position-detail-reference-station-type-validation,NMEAInterface GNSS position-detail reference-station validation plus ReferenceStationType strict decoder,no extra C API,no extra Python API,internal-only,standard-suite,maintain GNSS reference-station validation and public decoder consistency test
NMEA2000,gnss-position-detail-reference-station-age-validation,NMEAInterface GNSS position-detail reference-station age validation,no extra C API,no extra Python API,internal-only,standard-suite,maintain GNSS reference-station age validation test
NMEA2000,gnss-position-detail-integrity-reserved-bit-validation,NMEAInterface GNSS position-detail integrity validation,no extra C API,no extra Python API,internal-only,standard-suite,maintain GNSS integrity reserved-bit test
NMEA2000,gnss-position-detail-geoidal-special-value-validation,NMEAInterface GNSS position-detail geoidal field validation,no extra C API,no extra Python API,internal-only,standard-suite,maintain GNSS geoidal special-value test
NMEA2000,gnss-position-detail-date-time-special-value-validation,NMEAInterface GNSS position-detail date-time validation,no extra C API,no extra Python API,internal-only,standard-suite,maintain GNSS position detail date-time special-value test
NMEA2000,gnss-position-detail-time-of-day-range-validation,NMEAInterface GNSS position-detail time-of-day validation,no extra C API,no extra Python API,internal-only,standard-suite,maintain GNSS position detail time-of-day range test
NMEA2000,gnss-position-detail-coordinate-range-validation,NMEAInterface GNSS position-detail coordinate validation,no extra C API,no extra Python API,internal-only,standard-suite,maintain GNSS position detail coordinate range test
NMEA2000,gnss-position-detail-satellite-count-validation,NMEAInterface GNSS position-detail satellite count validation,no extra C API,no extra Python API,internal-only,standard-suite,maintain GNSS position detail satellite-count test
NMEA2000,gnss-position-detail-signed-special-value-validation,NMEAInterface GNSS position detail handler,no extra C API,no extra Python API,internal-only,standard-suite,maintain GNSS position detail signed special-value test
NMEA2000,gnss-position-delta-time-and-signed-special-value-validation,NMEAInterface position delta handler,no extra C API,no extra Python API,internal-only,standard-suite,maintain position-delta time and signed special-value test
NMEA2000,gnss-position-rapid-coordinate-special-value-validation,NMEAInterface rapid position handler,no extra C API,no extra Python API,internal-only,standard-suite,maintain rapid-position reserved-coordinate test
NMEA2000,gnss-position-rapid-coordinate-range-validation,NMEAInterface rapid position handler,no extra C API,no extra Python API,internal-only,standard-suite,maintain rapid-position coordinate range test
NMEA2000,gnss-position-rapid-builder-coordinate-range-canonicalization,NMEAInterface rapid position builder,no extra C API,no extra Python API,internal-only,standard-suite,maintain rapid-position builder coordinate range assertions
NMEA2000,selected-builder-reserved-sid-and-source-canonicalization,NMEAInterface selected PGN builders,no extra C API,no extra Python API,internal-only,standard-suite,maintain selected builder reserved-SID and pressure-source canonicalization test
NMEA2000,selected-builder-u8-scalar-special-field-canonicalization,NMEAInterface selected PGN builders,no extra C API,no extra Python API,internal-only,standard-suite,maintain selected builder u8 scalar special-field canonicalization test
NMEA2000,humidity-unsigned-special-field-validation,NMEAInterface humidity handler,no extra C API,no extra Python API,internal-only,standard-suite,maintain humidity unsigned special-field test
NMEA2000,magnetic-variation-age-special-value-validation,NMEAInterface magnetic variation handler,no extra C API,no extra Python API,internal-only,standard-suite,maintain magnetic variation age special-value test
NMEA2000,navigation-signed-reserved-numeric-validation,NMEAInterface navigation handlers,no extra C API,no extra Python API,internal-only,standard-suite,maintain navigation signed reserved-value test
NMEA2000,navigation-auxiliary-classic-frame-canonicalization,NMEAInterface rate-of-turn magnetic-variation and rudder handlers,no extra C API,no extra Python API,internal-only,standard-suite,maintain navigation auxiliary classic-frame canonicalization test
NMEA2000,public-enum-strict-try-decoders,NMEA public enum try_from_u8 helpers,no extra C API,no extra Python API,rust-only,standard-suite,maintain public strict enum decoder test across all public NMEA repr_u8 enum categories
NMEA2000,outside-environmental-numeric-special-value-validation,NMEAInterface outside environmental handler,no extra C API,no extra Python API,internal-only,standard-suite,maintain outside-environmental reserved-numeric test
NMEA2000,pressure-source-reserved-value-validation,NMEAInterface pressure handler and PressureSource validation,no extra C API,no extra Python API,internal-only,standard-suite,maintain pressure source reserved-value test
NMEA2000,pressure-signed-reserved-numeric-validation,NMEAInterface pressure handler,no extra C API,no extra Python API,internal-only,standard-suite,maintain signed numeric reserved-value test
NMEA2000,speed-water-numeric-special-value-validation,NMEAInterface speed water handler,no extra C API,no extra Python API,internal-only,standard-suite,maintain speed-water reserved-numeric test
NMEA2000,system-time-numeric-special-value-validation,NMEAInterface system time handler,no extra C API,no extra Python API,internal-only,standard-suite,maintain system-time reserved-date-time test
NMEA2000,system-time-time-of-day-range-validation,NMEAInterface system time handler,no extra C API,no extra Python API,internal-only,standard-suite,maintain system-time time-of-day range test
NMEA2000,temperature-numeric-special-value-validation,NMEAInterface temperature handler,no extra C API,no extra Python API,internal-only,standard-suite,maintain temperature reserved-numeric test
NMEA2000,vessel-heading-numeric-special-value-validation,NMEAInterface heading handler,no extra C API,no extra Python API,internal-only,standard-suite,maintain vessel-heading reserved-numeric test
NMEA2000,vessel-heading-reference-validation,NMEAInterface heading handler,no extra C API,no extra Python API,internal-only,standard-suite,maintain vessel-heading reserved-reference and packed high-bit reference test
NMEA2000,water-depth-measurement-offset-special-value-validation,NMEAInterface water depth handler,no extra C API,no extra Python API,internal-only,standard-suite,maintain water-depth reserved-depth-offset test
NMEA2000,water-depth-range-special-value-validation,NMEAInterface water depth handler,no extra C API,no extra Python API,internal-only,standard-suite,maintain water-depth reserved-range test
NMEA2000,wind-data-reference-byte-validation,NMEAInterface wind reference validation,no extra C API,no extra Python API,internal-only,standard-suite,maintain wind reference byte test
NMEA2000,wind-data-numeric-special-value-validation,NMEAInterface wind handler,no extra C API,no extra Python API,internal-only,standard-suite,maintain wind-data reserved-numeric test
NMEA2000,xte-mode-byte-reserved-bit-validation,NMEAInterface XTE handler,no extra C API,no extra Python API,internal-only,standard-suite,maintain XTE mode-byte reserved-bit test
NMEA2000,xte-signed-reserved-numeric-validation,NMEAInterface XTE handler,no extra C API,no extra Python API,internal-only,standard-suite,maintain signed numeric reserved-value test
NMEA2000,nmea0183-serial-gnss-field-canonicalization,SerialGNSS parser,no extra C API,no extra Python API,rust-only,standard-suite,maintain NMEA 0183 field canonicalization quality date variation mode unit GSA and GSV group tests
Bindings,public-language-facades,standard binding matrix plus C/Python session surfaces,machbus_session_* over MachbusSession*,machbus.Session,facade-exposed,standard-suite-and-bindings,maintain binding facade matrix coverage and the C ABI v3 (MACHBUS_C_ABI_VERSION=3) probe via make bind-c-check
Evidence,external-evidence-gap-map,fixture-backed conformance evidence map,no runtime C API,no runtime Python API,internal-only,standard-suite-and-hardware-evidence,maintain external evidence map and public-data requirement checks
Evidence,conformance-claims-and-release-gates,Makefile tests and docs,no runtime C API,no runtime Python API,internal-only,standard-suite,maintain release-gate evidence tests
ISO11783-6,vt-render-coverage-ledger,src/isobus/vt/render,no runtime C API,no runtime Python API,rust-only,standard-suite,maintain vt render pipeline coverage ledger before exposing GTUI binding surface
ISO11783-6,vt-macro-runtime,src/isobus/vt/render/macros.rs,no runtime C API,no runtime Python API,rust-only,standard-suite,expose macro decode and apply via bindings once the render surface is bound
ISO11783-10,tc-task-runtime,src/isobus/tc/task.rs,no runtime C API,no runtime Python API,rust-only,standard-suite,expose task lifecycle log and session via bindings when the task product API stabilizes
ISO11783-10,tc-prescription-control,src/isobus/tc/control.rs,no runtime C API,no runtime Python API,rust-only,standard-suite,expose prescription rate control via bindings with the task runtime
ISO11783-10,tc-section-control,src/isobus/tc/section_control.rs,no runtime C API,no runtime Python API,rust-only,standard-suite,expose section control via bindings with the task runtime
ISO11783-10,tc-isoxml-import,src/isobus/tc/isoxml.rs,no runtime C API,no runtime Python API,rust-only,standard-suite,expose TASKDATA import via bindings once the importer covers device and partfield records
ISO11783-14,sc-sequence-recording,src/isobus/sc/recording.rs,no runtime C API,no runtime Python API,rust-only,standard-suite,expose sequence recorder via bindings when recording is a claimed peer role
ISO11783-12,diagnostic-fault-monitor,src/j1939/diag_monitor.rs,no runtime C API,no runtime Python API,rust-only,standard-suite,expose active-fault monitor via bindings with the diagnostics workflow
ISO11783-1,role-conformance-profile,src/isobus/conformance.rs,no runtime C API,no runtime Python API,internal-only,standard-suite,maintain the role to module ledger as an internal source of truth
ISO11783-13,fs-operation-matrix,src/isobus/fs/operations.rs,no runtime C API,no runtime Python API,internal-only,standard-suite,maintain the FS operation classification as an internal guard helper
NMEA2000,nmea-pgn-catalog,src/nmea/catalog.rs,no runtime C API,no runtime Python API,internal-only,standard-suite,maintain the PGN coverage ledger cross-checked against the decoder set
ISO11783-5,management-role-matrix,src/net/management.rs,no runtime C API,no runtime Python API,internal-only,standard-suite,maintain the network management role ledger as an internal source of truth
ISO11783-2,adapter-capability-model,src/net/adapter.rs,no runtime C API,no runtime Python API,rust-only,standard-suite,expose adapter readiness via bindings alongside the physical config validator
ISO11783-2,can-capture-harness,src/net/capture.rs,no runtime C API,no runtime Python API,rust-only,standard-suite,expose candump capture/replay/verify via bindings when hardware evidence collection is wired up
