part,area,repo_module,status,test_status,external_trace_status,next_action
ISO11783-1,general-role-boundaries,book/src/reference/role-boundaries.md,complete,standard-suite,none,maintain general_role_boundary_map_names_repo_roles_and_ownership and general_role_boundary_page_links_claims_tests_and_gap_evidence
ISO11783-2,physical-layer-configuration,src/net/can_bus_config.rs;src/ffi.rs;src/python/mod.rs,implemented-needs-standard-tests,standard-suite,missing,maintain physical_layer_c_abi_mirrors_rust_config_validation_before_stack_construction and expand vcan physical adapter evidence
ISO11783-2,physical-layer-adapter-evidence-contract,tests/fixtures/hardware/can_adapter_matrix.txt;book/src/reference/hardware-evidence.md,complete,standard-suite,none,maintain physical_layer_adapter_matrix_is_explicit_and_non_claiming and physical_layer_docs_link_adapter_matrix_to_hardware_evidence_contract
ISO11783-2,physical-layer-sample-point-finiteness,src/net/can_bus_config.rs,complete,standard-suite,none,maintain physical_layer_rejects_non_finite_sample_points_before_compliance_claims
ISO11783-2,physical-layer-sample-point-window-boundary,src/net/can_bus_config.rs,complete,standard-suite,none,maintain physical_layer_accepts_only_the_supported_iso_bus_profile and physical_layer_rejects_sample_points_outside_supported_window_before_runtime_use
ISO11783-2,physical-layer-explicit-bit-timing-consistency,src/net/can_bus_config.rs,complete,standard-suite,none,maintain physical_layer_rejects_inconsistent_explicit_bit_timing_segments
ISO11783-3,data-link-identifiers-and-transport,src/net,implemented-needs-standard-tests,standard-suite,missing,maintain TP ETP transport-state matrix and collect external TP ETP traces
ISO11783-3,data-link-identifier-pdu-boundaries,src/net/identifier.rs,complete,standard-suite,none,maintain datalink_pdu1_identifier_preserves_destination_but_normalizes_pgn datalink_pdu2_identifier_uses_group_extension_not_destination_argument and datalink_identifier_try_encode_rejects_out_of_range_pgn_before_wire_use
ISO11783-3,data-link-priority-public-strict-decoder,src/net/types.rs,complete,standard-suite,none,maintain datalink_priority_public_decoder_rejects_noncanonical_bytes
ISO11783-3,data-link-acknowledgment-control-public-strict-decoder,src/j1939/acknowledgment.rs,complete,standard-suite,none,maintain datalink_acknowledgment_control_public_decoder_rejects_noncanonical_bytes
ISO11783-3,data-link-request-ack-canonical-payloads,src/j1939/pgn_request.rs;src/j1939/acknowledgment.rs,complete,standard-suite,none,maintain datalink_request_rejects_prefix_compatible_garbage datalink_acknowledgement_rejects_invalid_acknowledged_pgn and datalink_utility_control_pgns_reject_non_canonical_payloads
ISO11783-3,data-link-utility-control-pgns,src/j1939/pgn_request.rs;src/j1939/acknowledgment.rs;src/j1939/request2.rs,complete,standard-suite,none,maintain datalink_utility_control_pgns_reject_non_canonical_payloads and datalink_request2_responder_is_source_scoped_and_transfer_wrapped including null destination metadata
ISO11783-3,data-link-utility-full-message-envelope-validation,src/j1939/pgn_request.rs;src/j1939/acknowledgment.rs;src/j1939/request2.rs,complete,standard-suite,none,maintain datalink_utility_full_message_helpers_reject_invalid_envelopes including PGN source and destination binding
ISO11783-3,j1939-time-date-full-message-envelope-validation,src/j1939/time_date.rs,complete,standard-suite,none,maintain datalink_time_date_full_message_helper_rejects_invalid_envelopes including PDU2 destination metadata
ISO11783-3,j1939-proprietary-message-envelope-classifier,src/j1939/proprietary.rs,complete,standard-suite,none,maintain datalink_proprietary_message_helper_rejects_non_proprietary_pgns_and_bad_sources
ISO11783-3,data-link-group-function-carrier-and-responder-policy,src/isobus/group_function.rs,complete,standard-suite,none,maintain datalink_group_function_carrier_and_responder_policy_are_canonical and datalink_group_function_stack_responder_is_destination_scoped_and_loop_safe including invalid source and null destination no-reply checks
ISO11783-3,data-link-group-function-public-error-strict-decoder,src/isobus/group_function.rs,complete,standard-suite,none,maintain datalink_group_function_public_error_decoder_rejects_noncanonical_bytes
ISO11783-3,data-link-transport-abort-public-strict-decoder,src/net/session.rs;src/net/tp.rs;src/net/etp.rs,complete,standard-suite,none,maintain datalink_transport_abort_public_decoder_rejects_noncanonical_bytes
ISO11783-3,tp-rts-window-and-bam-canonical-fields,src/net/tp.rs,complete,standard-suite,none,maintain datalink_tp_rts_packet_window_and_bam_reserved_byte_are_canonical
ISO11783-3,tp-etp-invalid-endpoint-frame-rejection,src/net/tp.rs;src/net/etp.rs,complete,standard-suite,none,maintain datalink_tp_etp_reject_invalid_endpoint_frames_without_session_mutation
ISO11783-3,tp-etp-single-dt-endpoint-session,src/net/tp.rs;src/net/etp.rs;src/net/network_manager.rs,complete,standard-suite,none,maintain datalink_tp_rejects_concurrent_sessions_that_share_dt_endpoint_path datalink_etp_rejects_concurrent_sessions_that_share_dt_endpoint_path and isonet_queues_tp_transmits_that_share_dt_endpoint_path
ISO11783-3,tp-etp-timeout-window-aborts,src/net/tp.rs;src/net/etp.rs,complete,standard-suite,none,maintain datalink_tp_timeout_windows_abort_without_leaking_partial_sessions and datalink_etp_timeout_window_aborts_extended_session_without_state_leak
ISO11783-3,tp-auxiliary-timer-session-windows,src/net/tp.rs,complete,standard-suite,none,maintain datalink_tp_auxiliary_timer_sessions_validate_endpoints_and_all_timeout_windows for endpoint rejection keepalive T3 and T4 timeout boundaries
ISO11783-3,tp-dt-sequence-abort-boundaries,src/net/tp.rs,complete,standard-suite,none,maintain datalink_tp_dt_sequence_errors_abort_without_partial_delivery
ISO11783-3,etp-dpo-dt-sequence-window-boundaries,src/net/etp.rs,complete,standard-suite,none,maintain datalink_etp_dpo_and_dt_sequence_windows_abort_without_partial_delivery
ISO11783-4,network-interconnect,src/net/niu.rs,implemented-needs-standard-tests,standard-suite,missing,maintain NIU router topology matrix and collect external network-interconnect traces
ISO11783-4,niu-persistent-filter-runtime-clear,src/net/niu.rs,complete,standard-suite,none,maintain network_layer_persistent_filters_survive_runtime_clear_only
ISO11783-4,niu-rate-limited-filter-window-and-policy-snapshot,src/net/niu.rs,complete,standard-suite,none,maintain network_layer_rate_limited_filter_blocks_inside_window_without_policy_drift
ISO11783-4,niu-filter-mode-control-default-gating,src/net/niu.rs,complete,standard-suite,none,maintain network_layer_filter_mode_control_gates_default_forwarding_until_allow_rule and network_layer_filter_mode_payload_rejects_reserved_modes
ISO11783-4,niu-filter-rule-name-and-reserved-bit-validation,src/net/niu.rs,complete,standard-suite,none,maintain network_layer_filter_rules_preserve_names_and_reject_hidden_absent_names and network_layer_niu_filter_message_round_trips_and_rejects_reserved_bits
ISO11783-4,network-interconnect-public-policy-strict-decoder,src/net/niu.rs,complete,standard-suite,none,maintain network_layer_public_policy_decoder_rejects_noncanonical_bytes for ForwardPolicy and NiuFilterMode
ISO11783-4,niu-name-scoped-filter-observation-gate,src/net/niu.rs,complete,standard-suite,none,maintain network_layer_name_scoped_filters_require_observed_address_claims
ISO11783-4,niu-ingress-source-and-control-source-validation,src/net/niu.rs,complete,standard-suite,none,maintain network_layer_niu_rejects_invalid_sources_without_forwarding_or_learning and network_layer_niu_control_messages_ignore_invalid_sources_and_null_destination_metadata_before_mutation
ISO11783-4,network-interconnect-topology-loop-guard,src/net/niu.rs,complete,standard-suite,none,maintain network_layer_line_topology_forwards_once_and_blocks_bounce_back network_layer_fork_topology_keeps_loop_guards_per_branch and network_layer_ring_topology_loop_guard_expires_only_after_window
ISO11783-4,network-interconnect-translation-admission,src/net/niu.rs,complete,standard-suite,none,maintain network_layer_router_translation_admission_is_unique_and_claimable
ISO11783-4,network-interconnect-bidirectional-translation-and-cannot-claim,src/net/niu.rs,complete,standard-suite,none,maintain network_layer_router_translates_bidirectional_destination_frames_and_cannot_claims
ISO11783-5,network-management,src/net/address_claimer.rs,implemented-needs-standard-tests,standard-suite,missing,maintain address-claim NAME-management and commanded-address state matrix and collect peer traces
ISO11783-5,network-management-address-claim-request-and-contest-state,src/net/address_claimer.rs,complete,standard-suite,none,maintain network_management_request_address_claim_response_follows_claim_state and network_management_address_claim_contest_is_name_ordered_and_state_safe
ISO11783-5,network-management-reclaim-random-delay-bound,src/net/address_claimer.rs,complete,standard-suite,none,maintain network_management_reclaim_random_delay_is_clamped_to_standard_window
ISO11783-5,network-management-pending-reclaim-address-refresh,src/net/address_claimer.rs,complete,standard-suite,none,maintain network_management_pending_reclaim_rechecks_newly_occupied_address_before_transmit and network_management_pending_reclaim_fails_if_all_later_addresses_become_occupied
ISO11783-5,network-management-delayed-reclaim-request-quiet,src/net/address_claimer.rs,complete,standard-suite,none,maintain network_management_delayed_reclaim_does_not_answer_with_yielded_address
ISO11783-5,network-management-duplicate-name-cannot-claim-retry-guard,src/net/address_claimer.rs,complete,standard-suite,none,maintain network_management_cannot_claim_paths_use_null_source_and_do_not_retry and network_management_duplicate_name_cancels_pending_reclaim_without_retry
ISO11783-5,network-management-name-management-public-strict-decoders,src/net/name_manager.rs,complete,standard-suite,none,maintain network_management_name_management_public_decoders_reject_noncanonical_bytes
ISO11783-5,network-management-name-management-request-address-claim,src/net/name_manager.rs,complete,standard-suite,none,maintain network_management_request_address_claim_is_targeted_and_not_a_reply_loop and name_management_request_address_claim_triggers_claim_without_name_reply_loop
ISO11783-5,network-management-malformed-name-management-event-gate,src/net/name_manager.rs,complete,standard-suite,none,maintain network_management_malformed_name_management_payloads_do_not_fire_events
ISO11783-5,network-management-name-management-pending-adoption-state-safety,src/net/name_manager.rs,complete,standard-suite,none,maintain network_management_pending_name_queries_and_adoption_are_state_safe and network_management_set_pending_adopt_cycle_preserves_identity_and_reports_failures
ISO11783-5,network-management-ingress-source-and-envelope-validation,src/net/name_manager.rs,complete,standard-suite,none,maintain network_management_ignores_invalid_sources_and_null_destination_metadata_before_name_or_commanded_address_mutation and network_management_rejects_wrong_pgn_envelopes_before_mutation_or_events
ISO11783-5,network-management-commanded-address-target-validation,src/net/name_manager.rs,complete,standard-suite,none,maintain network_management_commanded_address_accepts_only_exact_target_and_claimable_address
ISO11783-5,network-management-invalid-local-preferred-address,src/net/address_claimer.rs,complete,standard-suite,none,maintain network_management_rejects_unclaimable_local_preferred_addresses_before_claiming
ISO11783-5,network-management-cannot-claim-partner-state,src/net/network_manager.rs;src/net/partner_cf.rs,complete,standard-suite,none,maintain network_management_address_claim_cannot_claim_does_not_create_online_partner
ISO11783-5,network-management-restart-claiming-stability,src/net/network_manager.rs;src/net/address_claimer.rs,complete,standard-suite,none,maintain network_management_restart_claiming_after_claimed_reuses_same_name_and_address
ISO11783-5,network-management-later-lower-name-reclaim,src/net/network_manager.rs;src/net/address_claimer.rs,complete,standard-suite,none,maintain network_management_claimed_cf_loses_to_later_lower_name_and_reclaims_next_address
ISO11783-6,virtual-terminal,src/isobus/vt,implemented-needs-standard-tests,standard-suite,missing,maintain VT lifecycle object AUX and language matrix and collect independent VT upload success/failure peer captures
ISO11783-6,vt-command-code-direction-boundaries,src/isobus/vt/commands.rs,complete,standard-suite,none,maintain vt_command_code_groups_keep_client_server_direction_boundaries
ISO11783-6,vt-ingress-envelope-and-source-validation,src/isobus/vt/client.rs;src/isobus/vt/server.rs;src/isobus/vt/state_tracker.rs;src/isobus/vt/auxiliary_caps.rs,complete,standard-suite,none,maintain vt_handlers_reject_wrong_pgn_envelopes_before_state_or_events vt_client_stack_rejects_wrong_destination_and_invalid_sources_before_tracker_update vt_server_stack_rejects_wrong_destination_and_invalid_sources_before_client_state
ISO11783-6,vt-state-tracker-envelope-and-source-validation,src/isobus/vt/state_tracker.rs,complete,standard-suite,none,maintain vt_state_tracker_rejects_wrong_pgn_and_invalid_sources_before_cache_update
ISO11783-6,vt-client-memory-session-and-source-binding,src/isobus/vt/client.rs,complete,standard-suite,none,maintain vt_client_rejects_unsolicited_memory_response_before_state_change and vt_client_binds_to_negotiated_vt_source_until_disconnect
ISO11783-6,vt-client-disconnect-rebind-source,src/isobus/vt/client.rs,complete,standard-suite,none,maintain vt_client_binds_to_negotiated_vt_source_until_disconnect including disconnect source clear and rebind checks
ISO11783-6,vt-server-object-pool-upload-state-machine,src/isobus/vt/server.rs,complete,standard-suite,none,maintain vt_server_requires_memory_negotiation_before_object_pool_upload_state vt_server_object_pool_upload_window_is_per_client_and_not_unsolicited and vt_server_reupload_failure_does_not_accept_stale_active_pool_as_new_upload
ISO11783-6,vt-server-delete-object-pool-canonical-reset,src/isobus/vt/server.rs,complete,standard-suite,none,maintain vt_server_delete_object_pool_requires_canonical_fixed_frame_before_reset
ISO11783-6,vt-server-runtime-command-reference-gates,src/isobus/vt/server.rs,complete,standard-suite,none,maintain vt_server_runtime_commands_require_activated_object_pool_before_state_or_events vt_server_change_active_mask_requires_uploaded_data_mask_reference vt_server_reference_mutations_require_uploaded_object_types vt_server_child_geometry_and_input_selection_require_uploaded_objects and vt_server_visual_graphics_and_macro_commands_require_uploaded_objects
ISO11783-6,vt-value-change-payload-canonicality,src/isobus/vt/client.rs;src/isobus/vt/server.rs;src/isobus/vt/state_tracker.rs;src/isobus/vt/wire.rs,complete,standard-suite,none,maintain vt_value_change_payloads_require_canonical_reserved_padding_and_utf8
ISO11783-6,vt-unsupported-function-canonical-and-bound,src/isobus/vt/client.rs;src/isobus/vt/server.rs,complete,standard-suite,none,maintain vt_unsupported_function_reports_are_canonical_and_source_bound
ISO11783-6,vt-aux-capability-and-assignment-runtime,src/isobus/vt/auxiliary_caps.rs;src/isobus/vt/server.rs,complete,standard-suite,none,maintain vt_aux_capability_discovery_requires_requested_session_and_canonical_channels and vt_aux_assignment_runtime_requires_uploaded_matching_objects_and_valid_status
ISO11783-6,vt-auxiliary-status-stack-ingress-validation,src/isobus/auxiliary.rs,complete,standard-suite,none,maintain auxiliary_stack_rejects_invalid_sources_and_malformed_payloads_before_cache_update
ISO11783-6,vt-auxiliary-public-function-strict-decoders,src/isobus/auxiliary.rs,complete,standard-suite,none,maintain vt_auxiliary_public_function_decoders_reject_noncanonical_bytes
ISO11783-6,vt-auxiliary-public-function-envelope-validation,src/isobus/auxiliary.rs,complete,standard-suite,none,maintain vt_auxiliary_public_function_decoders_reject_wrong_pgn_and_invalid_sources
ISO11783-6,vt-alarm-priority-public-strict-decoder,src/isobus/vt/state_tracker.rs,complete,standard-suite,none,maintain vt_alarm_priority_public_decoder_rejects_noncanonical_bytes
ISO11783-6,vt-activation-code-public-strict-decoder,src/isobus/vt/commands.rs,complete,standard-suite,none,maintain vt_activation_code_public_decoder_rejects_noncanonical_bytes
ISO11783-6,vt-client-version-language-validation,src/isobus/vt/client.rs,complete,standard-suite,none,maintain vt_client_version_labels_are_validated_before_state_mutation vt_client_language_command_rejects_invalid_codes_destination_metadata_before_reload and language_command_stack_rejects_invalid_sources_invalid_destinations_and_malformed_payloads_before_cache_update
ISO11783-6,vt-language-command-public-unit-strict-decoders,src/j1939/language.rs,complete,standard-suite,none,maintain vt_language_command_public_unit_decoders_reject_noncanonical_bytes
ISO11783-6,vt-language-command-public-envelope-validation,src/j1939/language.rs,complete,standard-suite,none,maintain vt_language_command_public_decoder_rejects_wrong_pgn_and_invalid_sources
ISO11783-6,vt-stored-version-label-header-canonicality,src/isobus/vt/server_working_set.rs,complete,standard-suite,none,maintain vt_server_stored_version_labels_are_canonical_before_disk_load
ISO11783-6,vt-local-language-preference-validation,src/isobus/vt/client.rs;src/ffi.rs;src/python/mod.rs,complete,standard-suite,none,maintain vt_local_language_preferences_require_canonical_codes_before_state_mutation
ISO11783-6,vt-version-list-label-validation,src/isobus/vt/client.rs,complete,standard-suite,none,maintain vt_client_version_list_labels_require_canonical_bytes_before_events
ISO11783-6,vt-version-operation-response-canonicality,src/isobus/vt/client.rs,complete,standard-suite,none,maintain vt_client_version_operation_responses_require_canonical_fixed_frames_before_events_or_state
ISO11783-6,vt-object-pool-exact-working-set-count,src/isobus/vt/objects.rs,complete,standard-suite,none,maintain vt_object_pool_requires_one_working_set_with_a_mask_child and vt_object_pool_rejects_multiple_working_sets_before_upload_acceptance
ISO11783-6,vt-object-public-type-strict-decoders,src/isobus/vt/objects.rs,complete,standard-suite,none,maintain vt_object_public_type_decoders_reject_noncanonical_bytes
ISO11783-6,vt-object-pool-working-set-child-types,src/isobus/vt/objects.rs,complete,standard-suite,none,maintain vt_object_pool_working_set_children_are_only_masks
ISO11783-6,vt-object-pool-soft-key-key-group-child-types,src/isobus/vt/objects.rs,complete,standard-suite,none,maintain vt_object_pool_soft_key_and_key_group_children_are_keys
ISO11783-6,vt-object-pool-serialization-and-body-validation,src/isobus/vt/objects.rs,complete,standard-suite,none,maintain vt_object_pool_serializes_deserializes_and_validates_minimal_graph vt_object_pool_rejects_unknown_object_type_and_duplicate_ids and vt_object_pool_validation_rejects_malformed_typed_bodies
ISO11783-6,vt-object-pool-typed-reference-validation,src/isobus/vt/objects.rs,complete,standard-suite,none,maintain vt_object_pool_validation_checks_typed_body_references and vt_object_pool_validation_checks_auxiliary_object_references
ISO11783-6,vt-object-pool-null-object-id-rejection,src/isobus/vt/objects.rs,complete,standard-suite,none,maintain vt_object_pool_rejects_null_object_id_as_real_object_identifier
ISO11783-7,implement-messages,src/isobus/implement,implemented-needs-standard-tests,standard-suite,missing,maintain implement message state matrix and collect external implement/tractor trace groups
ISO11783-7,implement-heartbeat-tracker-envelope,src/j1939/heartbeat.rs,complete,standard-suite,none,maintain implement_heartbeat_tracker_rejects_wrong_pgn_sources_width_and_reserved_sequences
ISO11783-7,implement-heartbeat-request-envelope,src/j1939/heartbeat.rs,complete,standard-suite,none,maintain implement_heartbeat_request_full_message_helper_rejects_invalid_envelopes including destination-specific endpoint checks
ISO11783-7,implement-heartbeat-receiver-reserved-sequence-liveness,src/j1939/heartbeat.rs,complete,standard-suite,none,maintain implement_heartbeat_receiver_reserved_sequences_do_not_refresh_comm_timer
ISO11783-7,implement-shortcut-button-envelope-validation,src/j1939/shortcut_button.rs,complete,standard-suite,none,maintain implement_shortcut_button_rejects_wrong_pgn_invalid_source_and_noncanonical_payloads
ISO11783-7,implement-shortcut-button-public-strict-decoder,src/j1939/shortcut_button.rs,complete,standard-suite,none,maintain implement_shortcut_button_public_state_decoder_rejects_noncanonical_bytes
ISO11783-7,implement-lighting-and-stack-ingress-envelope-validation,src/isobus/implement/lighting.rs,complete,standard-suite,none,maintain implement_lighting_helpers_and_stack_reject_invalid_envelopes including PDU2 destination metadata
ISO11783-7,implement-malformed-ingress-no-mutation,src/session/plugins/implement.rs,complete,session-suite,none,maintain implement_status_broadcast_reaches_peer session integration and codec malformed-payload rejection coverage
ISO11783-7,implement-public-enum-strict-try-decoders,src/isobus/implement,complete,standard-suite,none,maintain implement_public_try_decoders_reject_noncanonical_packed_bytes
ISO11783-7,implement-public-packed-status-strict-decoders,src/isobus/implement/lighting.rs;src/isobus/implement/machine_speed_cmd.rs;src/isobus/implement/speed_distance.rs,complete,standard-suite,none,maintain implement_public_packed_status_decoders_reject_noncanonical_bytes
ISO11783-7,implement-hitch-pto-command-reserved-command,src/isobus/implement/tractor_commands.rs,complete,standard-suite,none,maintain implement_hitch_and_pto_command_codecs_reject_reserved_command_bytes
ISO11783-7,implement-aux-valve-machine-speed-reserved-payload-bits,src/isobus/implement/tractor_commands.rs;src/isobus/implement/machine_speed_cmd.rs,complete,standard-suite,none,maintain implement_aux_valve_and_machine_speed_reject_reserved_payload_bits
ISO11783-7,implement-machine-speed-command-canonical-shape,src/isobus/implement/machine_speed_cmd.rs,complete,standard-suite,none,maintain implement_machine_speed_command_rejects_noncanonical_shape_without_losing_sentinels
ISO11783-7,implement-aux-valve-pgn-index-boundaries,src/isobus/implement/tractor_commands.rs;src/isobus/implement/aux_valve_status.rs,complete,standard-suite,none,maintain implement_aux_valve_pgn_index_boundaries_are_explicit_and_symmetric
ISO11783-7,implement-aux-valve-flow-limit-and-sentinel-validation,src/isobus/implement/aux_valve_status.rs,complete,standard-suite,none,maintain implement_aux_valve_flow_rejects_reserved_limit_status_values and implement_aux_valve_flow_rejects_reserved_flow_sentinel_band
ISO11783-7,implement-aux-valve-public-state-strict-decoders,src/isobus/implement/aux_valve_status.rs,complete,standard-suite,none,maintain implement_aux_valve_public_state_decoders_reject_noncanonical_bytes
ISO11783-7,implement-drive-strategy-upper-edge-values,src/isobus/implement/drive_strategy.rs,complete,standard-suite,none,maintain implement_drive_strategy_preserves_upper_edge_values_and_rejects_reserved_modes
ISO11783-7,implement-guidance-system-command-curvature-boundary,src/isobus/implement/drive_strategy.rs,complete,standard-suite,none,maintain implement_guidance_system_command_rejects_reserved_bits_and_curvature_sentinel_band
ISO11783-7,implement-guidance-command-public-status-strict-decoder,src/isobus/implement/drive_strategy.rs,complete,standard-suite,none,maintain implement_guidance_command_public_status_decoder_rejects_noncanonical_bytes
ISO11783-7,implement-top-level-guidance-envelope-validation,src/isobus/guidance.rs,complete,standard-suite,none,maintain implement_top_level_guidance_rejects_wrong_pgn_width_sources_and_reserved_tail
ISO11783-7,implement-hitch-pto-combined-roll-pitch-canonicalization,src/isobus/implement/drive_strategy.rs,complete,standard-suite,none,maintain implement_hitch_pto_combined_and_roll_pitch_commands_reject_reserved_controls_and_padding
ISO11783-7,implement-lighting-fixed-frame-canonicalization,src/isobus/implement/lighting.rs,complete,standard-suite,none,maintain implement_lighting_state_rejects_non_canonical_fixed_frames
ISO11783-7,implement-guidance-status-reserved-padding,src/isobus/implement/guidance.rs,complete,standard-suite,none,maintain implement_guidance_messages_reject_reserved_status_values_and_padding
ISO11783-7,implement-guidance-public-packed-status-strict-decoders,src/isobus/implement/guidance.rs,complete,standard-suite,none,maintain implement_guidance_public_status_decoders_reject_noncanonical_bytes
ISO11783-7,implement-hitch-status-reserved-exit-code,src/isobus/implement/speed_distance.rs,complete,standard-suite,none,maintain implement_hitch_status_rejects_reserved_exit_codes_without_payload_slop
ISO11783-7,implement-exit-reason-public-strict-decoders,src/isobus/implement/speed_distance.rs,complete,standard-suite,none,maintain implement_exit_reason_public_decoders_reject_noncanonical_bytes
ISO11783-7,implement-speed-distance-scalar-sentinel-validation,src/isobus/implement/speed_distance.rs,complete,standard-suite,none,maintain implement_speed_distance_status_rejects_unavailable_speed_and_reserved_position_values
ISO11783-7,implement-speed-distance-reserved-signal-range-validation,src/isobus/implement/speed_distance.rs,complete,standard-suite,none,maintain implement_speed_distance_status_rejects_reserved_signal_ranges_before_scaling
ISO11783-7,implement-speed-distance-message-envelope-validation,src/j1939/speed_distance.rs,complete,standard-suite,none,maintain implement_speed_distance_message_helper_rejects_invalid_envelopes including PDU2 destination metadata
ISO11783-7,implement-tractor-control-mode-reserved-values,src/isobus/implement/tractor_commands.rs,complete,standard-suite,none,maintain implement_tractor_control_mode_rejects_reserved_modes_and_non_ff_tail
ISO11783-8,powertrain,src/j1939/engine.rs,implemented-needs-standard-tests,standard-suite,missing,maintain powertrain message state matrix and external trace comparisons
ISO11783-8,powertrain-eec1-tail-starter-and-required-sentinels,src/j1939/engine.rs,complete,standard-suite,none,maintain powertrain_eec1_rejects_non_ff_reserved_tail_and_preserves_scaling and powertrain_eec1_rejects_not_available_sentinels_for_required_fields
ISO11783-8,powertrain-eec2-control-reserved-nibble,src/j1939/engine.rs,complete,standard-suite,none,maintain powertrain_eec2_rejects_reserved_control_nibble_without_losing_status_edges
ISO11783-8,powertrain-eec2-optional-scalar-special-values,src/j1939/engine.rs,complete,standard-suite,none,maintain powertrain_eec2_optional_scalars_reject_reserved_special_values
ISO11783-8,powertrain-eec3-asymmetry-special-values,src/j1939/engine.rs,complete,standard-suite,none,maintain powertrain_eec3_asymmetry_rejects_reserved_special_values
ISO11783-8,powertrain-engine-full-message-helper-envelope-validation,src/j1939/engine.rs,complete,standard-suite,none,maintain powertrain_engine_full_message_helpers_reject_invalid_envelopes and powertrain_remaining_fixed_frame_helpers_reject_invalid_envelopes including AT1 and PDU2 destination metadata
ISO11783-8,powertrain-identification-exact-star-fields,src/j1939/engine.rs,complete,standard-suite,none,maintain powertrain_identification_payloads_require_exact_printable_star_fields
ISO11783-8,powertrain-identification-full-message-helper-envelope-validation,src/j1939/engine.rs,complete,standard-suite,none,maintain powertrain_identification_full_message_helpers_reject_invalid_envelopes including PDU2 destination metadata
ISO11783-8,powertrain-scalar-not-available-sentinel-validation,src/j1939/engine.rs,complete,standard-suite,none,maintain powertrain_scalar_decoders_reject_not_available_sentinels_for_non_optional_values and powertrain_remaining_scalar_decoders_reject_not_available_sentinels
ISO11783-8,powertrain-multibyte-special-value-rejection,src/j1939/engine.rs;src/j1939/transmission.rs;src/j1939/speed_distance.rs,complete,standard-suite,none,maintain powertrain_multibyte_error_indicators_are_rejected_before_scaling
ISO11783-8,powertrain-one-byte-scaled-special-value-rejection,src/j1939/engine.rs,complete,standard-suite,none,maintain powertrain_one_byte_scaled_fields_reject_reserved_special_values_before_scaling including EEC2 engine load
ISO11783-8,powertrain-percentage-special-value-validation,src/j1939/engine.rs,complete,standard-suite,none,maintain powertrain_percentage_fields_reject_reserved_special_values_without_losing_defined_statuses
ISO11783-8,powertrain-at1-ambient-shared-pgn-disambiguation,src/j1939/engine.rs,complete,standard-suite,none,maintain powertrain_aftertreatment1_rejects_reserved_status_bytes_and_ambient_shape and powertrain_stack_disambiguates_shared_at1_and_ambient_pgn_without_cross_mutation
ISO11783-8,powertrain-tsc1-command-round-trip-and-sentinel-validation,src/j1939/engine.rs,complete,standard-suite,none,maintain powertrain_tsc1_round_trips_mode_speed_and_torque plus TSC1 sentinel cases in scalar validation
ISO11783-8,powertrain-tsc1-control-reserved-bit-validation,src/j1939/engine.rs,complete,standard-suite,none,maintain powertrain_tsc1_rejects_reserved_control_bits_before_command_use
ISO11783-8,powertrain-public-override-mode-strict-decoder,src/j1939/engine.rs,complete,standard-suite,none,maintain powertrain_public_override_control_mode_decoder_rejects_noncanonical_bytes
ISO11783-8,transmission-scalar-not-available-sentinel-validation,src/j1939/transmission.rs,complete,standard-suite,none,maintain powertrain_transmission_scalar_decoders_reject_not_available_sentinels
ISO11783-8,powertrain-ingress-envelope-and-source-validation,src/j1939/transmission.rs,complete,standard-suite,none,maintain powertrain_transmission_helpers_and_stack_reject_invalid_envelopes including PDU2 destination metadata
ISO11783-8,powertrain-transmission-cruise-helper-and-stack-envelope-validation,src/j1939/transmission.rs,complete,standard-suite,none,maintain powertrain_transmission_helpers_and_stack_reject_invalid_envelopes and powertrain_stack_rejects_destination_specific_transmission_pdu2_without_cache_drift
ISO11783-8,powertrain-fixed-frame-no-mutation,src/j1939/engine.rs,complete,standard-suite,none,maintain powertrain fixed-size engine/transmission codec malformed-frame rejection coverage
ISO11783-8,powertrain-stack-special-value-no-mutation,src/j1939/engine.rs,complete,standard-suite,none,maintain powertrain_stack_rejects_reserved_special_values_without_cache_or_event_drift
ISO11783-8,powertrain-variable-identification-transport,src/j1939/engine.rs,complete,standard-suite,none,maintain powertrain variable-identification (VIN/component-id) TP reassembly and bad-field-shape rejection coverage
ISO11783-9,tractor-ecu,src/isobus/tractor_ecu.rs,implemented-needs-standard-tests,standard-suite,missing,maintain TECU state matrix with virtual-bus scenarios and collect TECU peer traces
ISO11783-9,tecu-tractor-facility-role-pgn-separation,src/isobus/implement/tractor_facilities.rs,complete,standard-suite,none,maintain tecu_facility_roles_map_to_distinct_wire_pgns
ISO11783-9,tecu-classification-addendum-and-power-defaults,src/isobus/tractor_ecu.rs,complete,standard-suite,none,maintain tecu_classification_and_power_defaults_are_explicit_boundaries
ISO11783-9,tecu-classification-config-admissibility,src/isobus/tractor_ecu.rs;src/session/presets.rs,complete,standard-suite,none,maintain tecu_classification_and_config_reject_unadvertisable_local_profiles
ISO11783-9,tecu-classification-facility-advertisement-gate,src/isobus/tractor_ecu.rs;src/isobus/implement/tractor_facilities.rs,complete,standard-suite,none,maintain tecu_classification_gates_facility_advertisement_by_class_and_addendum
ISO11783-9,tecu-classification-advertisable-facility-matrix,src/isobus/tractor_ecu.rs;src/session/presets.rs,complete,standard-suite,none,maintain tecu_classification_advertisable_facility_matrix_is_closed_under_gates and the session::presets::tractor facility-matrix coverage
ISO11783-9,tecu-tractor-preset-subsystem-wiring,src/session/presets.rs,complete,standard-suite,none,maintain session::presets::tractor TECU facility and power subsystem wiring coverage
ISO11783-9,tecu-tractor-preset-facility-advertisement-guard,src/session/presets.rs,complete,standard-suite,none,maintain session::presets::tractor facility-advertisement-beyond-classification guard coverage
ISO11783-9,tecu-maintain-power-request-expiry-boundary,src/isobus/tractor_ecu.rs,complete,standard-suite,none,maintain tecu_maintain_power_request_expiry_is_source_scoped_and_saturating
ISO11783-9,tecu-tractor-facility-bit-matrix-and-payload-shape,src/isobus/implement/tractor_facilities.rs,complete,standard-suite,none,maintain tecu_facility_matrix_round_trips_class_front_guidance_and_powertrain_bits and tecu_facility_payload_requires_complete_fixed_frame_and_reserved_bits
ISO11783-9,tecu-tractor-facilities-virtual-bus-workflow,src/isobus/implement/tractor_facilities.rs,complete,standard-suite,none,maintain tecu_facility_virtual_bus_exchanges_required_and_response_without_invalid_mutation including invalid source and destination-specific PDU2 metadata
ISO11783-9,tecu-maintain-power-pgn-envelope,src/j1939/maintain_power.rs,complete,standard-suite,none,maintain tecu_maintain_power_ignores_wrong_pgn_before_shutdown_state_extension
ISO11783-9,tecu-maintain-power-canonical-frame-and-source-validation,src/j1939/maintain_power.rs,complete,standard-suite,none,maintain tecu_maintain_power_requires_canonical_fixed_frame_and_valid_source
ISO11783-9,tecu-maintain-power-public-strict-decoders,src/j1939/maintain_power.rs,complete,standard-suite,none,maintain tecu_maintain_power_public_decoders_reject_noncanonical_packed_bytes
ISO11783-9,tecu-maintain-power-strict-packed-field-extraction,src/j1939/maintain_power.rs,complete,standard-suite,none,maintain tecu_maintain_power_payload_field_extraction_uses_strict_decoders
ISO11783-9,tecu-class-public-strict-decoder,src/isobus/implement/tractor_facilities.rs,complete,standard-suite,none,maintain tecu_classification_and_power_defaults_are_explicit_boundaries
ISO11783-9,tecu-maintain-power-shutdown-request-window,src/j1939/maintain_power.rs,complete,standard-suite,none,maintain tecu_maintain_power_shutdown_window_requires_fresh_requests
ISO11783-9,tecu-maintain-power-dual-rail-request-window,src/j1939/maintain_power.rs,complete,standard-suite,none,maintain tecu_maintain_power_accepts_either_power_rail_request_before_shutdown_expiry
ISO11783-9,tecu-maintain-power-maximum-extension-limit,src/j1939/maintain_power.rs,complete,standard-suite,none,maintain tecu_maintain_power_maximum_extension_limit_overrides_fresh_requests
ISO11783-9,tecu-maintain-power-source-lifecycle,src/j1939/maintain_power.rs,complete,standard-suite,none,maintain maintain-power CF-request lifecycle, source-scoping, and malformed/invalid-source/invalid-destination codec rejection coverage
ISO11783-10,task-controller,src/isobus/tc,implemented-needs-standard-tests,standard-suite,missing,maintain TC workflow state matrix and workflow traces
ISO11783-10,tc-ddop-minimal-graph-round-trip,src/isobus/tc/ddop.rs,complete,standard-suite,none,maintain tc_ddop_validates_serializes_and_deserializes_minimal_graph
ISO11783-10,tc-ddop-graph-reference-validation,src/isobus/tc/ddop.rs,complete,standard-suite,none,maintain tc_ddop_rejects_missing_child_reference_before_claiming_completion tc_ddop_rejects_duplicate_ids_and_missing_presentation_references and tc_ddop_rejects_wrong_kind_element_parent_and_child_references
ISO11783-10,tc-ddop-null-and-self-reference-rejection,src/isobus/tc/ddop.rs,complete,standard-suite,none,maintain tc_ddop_rejects_null_and_self_referential_object_ids
ISO11783-10,tc-ddop-process-data-trigger-reserved-bits,src/isobus/tc/ddop.rs;src/isobus/tc/objects.rs,complete,standard-suite,none,maintain tc_ddop_rejects_process_data_reserved_trigger_bits
ISO11783-10,tc-ddop-text-scale-encoding-validation,src/isobus/tc/ddop.rs;src/isobus/tc/objects.rs,complete,standard-suite,none,maintain tc_ddop_rejects_unencodable_text_and_non_finite_scales
ISO11783-10,tc-process-data-command-nibble-round-trip,src/isobus/tc/client.rs;src/isobus/tc/server.rs,complete,standard-suite,none,maintain tc_process_data_command_nibbles_round_trip_known_values
ISO11783-10,tc-client-status-envelope-validation,src/isobus/tc/client.rs,complete,standard-suite,none,maintain tc_client_rejects_non_canonical_status_frames_before_server_binding and tc_client_stack_rejects_wrong_null_destination_and_invalid_sources_before_server_binding
ISO11783-10,tc-status-busy-source-and-binding,src/isobus/tc/client.rs;src/isobus/tc/server.rs,complete,standard-suite,none,maintain tc_status_frames_preserve_busy_source_and_client_server_binding
ISO11783-10,tc-geo-gnss-position-ingress-validation,src/isobus/tc/geo.rs,complete,standard-suite,none,maintain tc_geo_gnss_position_ingress_rejects_invalid_envelopes_without_cache_mutation
ISO11783-10,tc-geo-prescription-rate-payload-validation,src/isobus/tc/geo.rs;src/isobus/tc/ddi_database.rs,complete,standard-suite,none,maintain tc_geo_prescription_rate_payloads_validate_ddi_resolution_and_range
ISO11783-10,tc-geo-prescription-zone-exit-reentry-state,src/isobus/tc/geo.rs,complete,standard-suite,none,maintain tc_geo_prescription_rate_state_clears_when_position_leaves_all_zones
ISO11783-10,tc-geo-prescription-map-reload-state,src/isobus/tc/geo.rs,complete,standard-suite,none,maintain tc_geo_clearing_prescription_maps_clears_rate_state_before_reload
ISO11783-10,tc-lifecycle-request-envelope-validation,src/isobus/tc/server.rs,complete,standard-suite,none,maintain tc_lifecycle_requests_reject_malformed_fixed_frames_before_process_data_fallback
ISO11783-10,tc-client-lifecycle-response-envelope-validation,src/isobus/tc/client.rs,complete,standard-suite,none,maintain tc_client_lifecycle_responses_reject_malformed_fixed_frames_without_state_progress
ISO11783-10,tc-lifecycle-client-creation-and-label-guards,src/isobus/tc/server.rs,complete,standard-suite,none,maintain tc_ddop_lifecycle_requests_do_not_allocate_clients_before_upload_state and tc_lifecycle_label_requests_require_canonical_fixed_frames_before_client_creation
ISO11783-10,tc-process-data-envelope-validation,src/isobus/tc/client.rs;src/isobus/tc/server.rs,complete,standard-suite,none,maintain tc_process_data_try_handlers_reject_malformed_payloads_before_callbacks
ISO11783-10,tc-server-client-version-response-envelope-validation,src/isobus/tc/server.rs,complete,standard-suite,none,maintain tc_server_rejects_malformed_client_version_responses_without_version_update and tc_server_stack_rejects_wrong_null_destination_and_invalid_sources_before_client_state
ISO11783-10,tc-process-data-reserved-and-unsupported-command-rejection,src/isobus/tc/client.rs;src/isobus/tc/server.rs,complete,standard-suite,none,maintain tc_process_data_try_handlers_reject_reserved_and_unsupported_commands
ISO11783-10,tc-peer-control-assignment-and-registry-validation,src/isobus/tc/peer_control.rs,complete,standard-suite,none,maintain tc_peer_control_assignment_preserves_nibble_split_and_rejects_unencodable_source tc_peer_control_decode_rejects_bad_envelope_without_partial_assignment and tc_peer_control_registry_deduplicates_by_source_triplet_and_rejects_ambiguous_lookup
ISO11783-10,tc-peer-control-global-destination-rejection,src/isobus/tc/peer_control.rs,complete,standard-suite,none,maintain tc_peer_control_rejects_global_destination_without_registry_mutation
ISO11783-10,tc-process-data-set-value-and-measurement-builders,src/isobus/tc/server.rs,complete,standard-suite,none,maintain tc_process_data_set_value_and_acknowledge_preserves_element_nibble_and_error and tc_process_data_measurement_builders_reject_unencodable_element_numbers
ISO11783-10,tc-measurement-command-builder-bounds,src/isobus/tc/server.rs,complete,standard-suite,none,maintain tc_measurement_command_builders_preserve_element_nibble_and_reject_overflow
ISO11783-10,tc-measurement-runtime-periodic-and-invalid-target-guards,src/isobus/tc/server.rs,complete,standard-suite,none,maintain tc_measurement_runtime_rejects_invalid_destination_and_empty_trigger_definition and tc_measurement_runtime_emits_periodic_distance_and_value_trigger_requests
ISO11783-10,tc-measurement-threshold-crossing-runtime,src/isobus/tc/server.rs,complete,standard-suite,none,maintain tc_measurement_runtime_thresholds_trigger_only_on_crossings
ISO11783-10,tc-geo-process-data-value-header-canonicality,src/isobus/tc/geo.rs,complete,standard-suite,none,maintain tc_geo_position_process_data_payloads_use_canonical_value_headers
ISO11783-10,tc-public-error-status-strict-decoders,src/isobus/tc/server_options.rs,complete,standard-suite,none,maintain tc_public_error_status_decoders_reject_noncanonical_bytes
ISO11783-10,tc-version-capability-option-reserved-bit-validation,src/isobus/tc/client.rs;src/isobus/tc/server.rs;src/isobus/tc/server_options.rs,complete,standard-suite,none,maintain tc_version_capability_option_bytes_reject_reserved_bits_before_state_update including unadvertisable server topology counts
ISO11783-11,mobile-data-element-dictionary,src/isobus/tc/ddi_database.rs,implemented-needs-standard-tests,standard-suite,missing,maintain DDI source-policy matrix custom-source docs public-reference tests and refresh generated table from newer public export
ISO11783-11,ddi-source-policy-matrix,src/isobus/tc/ddi_database.rs;tests/fixtures/isobus/ddi_source_policy_matrix.txt,complete,standard-suite,none,maintain ddi_source_policy_matrix_covers_database_lookup_docs_and_helpers_without_private_tables
ISO11783-11,ddi-source-policy-and-public-ddi-references,src/isobus/tc/ddi_database.rs;tests/fixtures/isobus/tc_ddi_source_manifest.txt;book/src/tutorials/ddop.md;book/src/isobus-basics/ddop-and-process-data.md;examples/tc_geo_demo.rs;src/isobus/tc/ddop_helpers.rs,complete,standard-suite,none,maintain ddi_source_policy_tracks_public_export_without_copying_private_tables ddi_references_in_public_examples_tutorials_and_helpers_are_known_dictionary_entries ddi_public_examples_and_tutorials_avoid_magic_dictionary_numbers ddi_docs_explain_custom_source_without_republishing_dictionary_tables and ddi_helpers_preserve_geometry_rate_and_total_semantics_with_named_dictionary_refs
ISO11783-11,ddi-proprietary-range-and-unknown-sentinel,src/isobus/tc/ddi_database.rs,complete,standard-suite,none,maintain ddi_proprietary_range_boundaries_do_not_collide_with_unknown_sentinel
ISO11783-11,ddi-engineering-conversion-boundaries,src/isobus/tc/ddi_database.rs,complete,standard-suite,none,maintain ddi_engineering_conversion_uses_resolution_and_saturates_invalid_inputs
ISO11783-12,diagnostics,src/j1939/diagnostic.rs,implemented-needs-standard-tests,standard-suite,missing,maintain diagnostic service state matrix and finish service-tool trace evidence
ISO11783-12,diagnostics-dtc-and-fmi-reserved-value-validation,src/j1939/diagnostic.rs,complete,standard-suite,none,maintain diagnostics_dtc_rejects_reserved_occurrence_count_bit and diagnostics_fmi_decoders_accept_defined_values_and_reject_reserved_values
ISO11783-12,diagnostics-lamp-and-dtc-list-shape-validation,src/j1939/diagnostic.rs,complete,standard-suite,none,maintain diagnostics_lamp_status_round_trips_all_lamp_groups and diagnostics_dtc_lists_reject_prefix_compatible_garbage_and_bad_padding
ISO11783-12,diagnostics-public-strict-lamp-decoders,src/j1939/diagnostic.rs,complete,standard-suite,none,maintain diagnostics_public_lamp_decoders_reject_noncanonical_packed_bytes
ISO11783-12,diagnostics-empty-dtc-placeholder-canonicality,src/j1939/diagnostic.rs,complete,standard-suite,none,maintain diagnostics_dtc_lists_reject_prefix_compatible_garbage_and_bad_padding
ISO11783-12,diagnostics-empty-dtc-placeholder-position,src/j1939/diagnostic.rs,complete,standard-suite,none,maintain diagnostics_dtc_lists_allow_empty_placeholder_only_as_single_frame_empty_list
ISO11783-12,diagnostics-dm4-single-frame-canonical-padding,src/j1939/diagnostic.rs,complete,standard-suite,none,maintain diagnostics_identification_readiness_and_driver_info_shapes_are_canonical
ISO11783-12,diagnostics-clear-all-and-broadcast-control-shapes,src/j1939/diagnostic.rs,complete,standard-suite,none,maintain diagnostics_clear_all_requests_accept_only_canonical_reserved_payload and diagnostics_dm13_broadcast_control_rejects_reserved_payload_bytes
ISO11783-12,diagnostics-dm7-dm14-service-field-validation,src/j1939/diagnostic.rs;src/j1939/dm_memory.rs,complete,standard-suite,none,maintain diagnostics_dm7_and_dm14_reject_reserved_fields_before_service_workflow_use including DM14 full-message source and destination envelope checks
ISO11783-12,diagnostics-dm14-command-public-strict-decoder,src/j1939/dm_memory.rs,complete,standard-suite,none,maintain diagnostics_dm14_command_public_decoder_rejects_noncanonical_bytes
ISO11783-12,diagnostics-dm13-network-command-validation,src/j1939/diagnostic.rs,complete,standard-suite,none,maintain diagnostics_dm13_rejects_undefined_network_commands_before_workflow_use
ISO11783-12,diagnostics-dm13-strict-network-command-decoder,src/j1939/diagnostic.rs,complete,standard-suite,none,maintain diagnostics_dm13_public_command_decoder_rejects_noncanonical_packed_bytes
ISO11783-12,diagnostics-public-strict-service-field-decoders,src/j1939/diagnostic.rs;src/j1939/dm_memory.rs,complete,standard-suite,none,maintain diagnostics_public_service_field_decoders_reject_noncanonical_packed_bytes
ISO11783-12,diagnostics-dm13-suspend-signal-high-nibble-validation,src/j1939/diagnostic.rs,complete,standard-suite,none,maintain diagnostics_dm13_suspend_signal_rejects_high_nibble_slop
ISO11783-12,diagnostics-dm15-memory-response-status-reserved-bits,src/j1939/dm_memory.rs,complete,standard-suite,none,maintain diagnostics_dm15_memory_response_rejects_reserved_status_bits_and_values
ISO11783-12,diagnostics-dm15-status-public-strict-decoder,src/j1939/dm_memory.rs,complete,standard-suite,none,maintain diagnostics_dm15_status_public_decoder_rejects_noncanonical_bytes
ISO11783-12,diagnostics-memory-access-command-and-transfer-boundaries,src/j1939/dm_memory.rs,complete,standard-suite,none,maintain diagnostics_memory_access_commands_and_dm16_lengths_are_explicit
ISO11783-12,diagnostics-memory-service-no-mutation,src/j1939/dm_memory.rs,complete,standard-suite,none,maintain DM14/DM15/DM16 service-frame malformed-payload codec rejection coverage
ISO11783-12,diagnostics-service-bad-envelope-no-mutation,src/j1939/diagnostic.rs,complete,standard-suite,none,maintain diagnostic service bad-envelope codec rejection coverage
ISO11783-12,diagnostics-dm16-and-identification-variable-payloads,src/j1939/diagnostic.rs;src/j1939/dm_memory.rs,complete,standard-suite,none,maintain diagnostics_dm16_and_ecu_identification_reject_malformed_variable_payloads
ISO11783-12,diagnostics-dm8-test-result-reserved-spn-bits,src/j1939/diagnostic.rs,complete,standard-suite,none,maintain diagnostics_dm8_test_result_rejects_reserved_spn_octet_bits
ISO11783-12,diagnostics-dm22-control-reason-shape-validation,src/j1939/diagnostic.rs,complete,standard-suite,none,maintain diagnostics_dm22_clear_messages_distinguish_request_ack_and_nack_shapes
ISO11783-12,diagnostics-dm22-public-strict-service-decoders,src/j1939/diagnostic.rs,complete,standard-suite,none,maintain diagnostics_public_service_field_decoders_reject_noncanonical_packed_bytes
ISO11783-12,diagnostics-monitor-ratio-freeze-frame-shapes,src/j1939/diagnostic.rs,complete,standard-suite,none,maintain diagnostics_dm20_monitor_ratios_require_complete_groups_and_reserved_spn_bits and diagnostics_freeze_frame_rejects_count_mismatch_and_reserved_snapshot_bits
ISO11783-12,diagnostics-identification-readiness-driver-info-shapes,src/j1939/diagnostic.rs,complete,standard-suite,none,maintain diagnostics_identification_readiness_and_driver_info_shapes_are_canonical
ISO11783-12,diagnostics-protocol-id-capability-bit-validation,src/j1939/diagnostic.rs,complete,standard-suite,none,maintain diagnostics_protocol_id_rejects_unknown_bits_and_noncanonical_padding
ISO11783-12,diagnostics-protocol-id-public-protocol-strict-decoder,src/j1939/diagnostic.rs,complete,standard-suite,none,maintain diagnostics_protocol_id_public_protocol_decoder_rejects_noncanonical_bytes
ISO11783-12,diagnostics-protocol-id-outbound-reserved-bit-mask,src/j1939/diagnostic.rs,complete,standard-suite,none,maintain diagnostics_protocol_id_encoder_masks_reserved_bits_before_wire_use
ISO11783-12,diagnostics-control-function-functionality-option-counts,src/isobus/functionalities.rs,complete,standard-suite,none,maintain diagnostics_functionalities_use_canonical_generation_and_option_counts
ISO11783-12,diagnostics-control-function-functionality-public-strict-decoder,src/isobus/functionalities.rs,complete,standard-suite,none,maintain diagnostics_functionality_public_decoder_rejects_noncanonical_bytes
ISO11783-12,diagnostics-control-function-functionality-count-and-generation-range,src/isobus/functionalities.rs,complete,standard-suite,none,maintain diagnostics_functionalities_reject_zero_count_and_preserve_minimum_cf
ISO11783-12,diagnostics-control-function-functionality-request-source-validation,src/isobus/functionalities.rs,complete,standard-suite,none,maintain the Functionalities PGN-Request responder invalid-source no-response coverage
ISO11783-12,diagnostics-product-software-identification-star-fields,src/j1939/diagnostic.rs,complete,standard-suite,none,maintain diagnostics_product_and_software_identification_are_strict_star_fields
ISO11783-12,diagnostics-identification-single-byte-text-validation,src/j1939/diagnostic.rs;src/j1939/dm_memory.rs;src/j1939/text.rs,complete,standard-suite,none,maintain diagnostics_identification_text_fields_use_single_byte_latin1_and_reserved_delimiters
ISO11783-12,diagnostics-dm25-freeze-frame-request-shape,src/j1939/diagnostic.rs,complete,standard-suite,none,maintain diagnostics_dm25_freeze_frame_request_shape_is_canonical
ISO11783-13,file-server,src/isobus/fs,implemented-needs-standard-tests,standard-suite,missing,maintain operation and error-state matrix for client and server and collect FS peer traces
ISO11783-13,fs-read-write-directory-counts,src/isobus/fs,complete,standard-suite,none,maintain file_server_reads_directory_entries_with_standard_count_and_hidden_filter plus read/write count fixtures
ISO11783-13,fs-file-date-time,src/isobus/fs,complete,standard-suite,none,maintain file_server_get_file_date_time_uses_counted_paths_and_rejects_invalid_targets file_client_get_file_date_time_validates_requests_and_fixed_success_responses
ISO11783-13,fs-file-date-time-field-range-validation,src/isobus/fs/types.rs;src/isobus/fs/client.rs;src/isobus/fs/server.rs,complete,standard-suite,none,maintain file_client_get_file_date_time_validates_requests_and_fixed_success_responses and dos_date_time_round_trip
ISO11783-13,fs-status-open-file-count-range-validation,src/isobus/fs/types.rs;src/isobus/fs/client.rs,complete,standard-suite,none,maintain file_client_rejects_malformed_status_broadcasts_without_keepalive_or_cache_update
ISO11783-13,fs-property-count-range-validation,src/isobus/fs/types.rs;src/isobus/fs/properties.rs;src/isobus/fs/server.rs,complete,standard-suite,none,maintain file_server_property_count_ranges_are_validated_before_advertisement_or_connection
ISO11783-13,fs-property-version-range-validation,src/isobus/fs/types.rs;src/isobus/fs/properties.rs;src/isobus/fs/server.rs,complete,standard-suite,none,maintain file_server_property_count_ranges_are_validated_before_advertisement_or_connection version assertions
ISO11783-13,fs-client-explicit-server-request-state-gates,src/isobus/fs/client.rs,complete,standard-suite,none,maintain file_client_explicit_status_and_property_requests_reject_disconnected_state_without_tan
ISO11783-13,fs-client-reserved-error-code-rejection,src/isobus/fs/client.rs;src/isobus/fs/error_codes.rs,complete,standard-suite,none,maintain reserved error-byte assertion in file_client_get_file_date_time_validates_requests_and_fixed_success_responses
ISO11783-13,file-server-public-error-strict-decoder,src/isobus/fs/error_codes.rs,complete,standard-suite,none,maintain file_server_public_error_decoder_rejects_noncanonical_bytes and keep response validation sourced from FSError::try_from_u8
ISO11783-13,file-server-legacy-transfer-error-strict-decoder,src/isobus/file_transfer.rs,complete,standard-suite,none,maintain file_server_legacy_transfer_error_decoder_rejects_noncanonical_bytes
ISO11783-13,file-server-legacy-operation-strict-decoder,src/isobus/file_transfer.rs,complete,standard-suite,none,maintain file_server_legacy_operation_decoder_rejects_noncanonical_bytes
ISO11783-13,file-server-function-public-strict-decoder,src/isobus/fs/types.rs,complete,standard-suite,none,maintain file_server_function_codes_reject_reserved_values
ISO11783-13,file-server-volume-state-public-strict-decoders,src/isobus/fs/types.rs;src/isobus/fs/properties.rs,complete,standard-suite,none,maintain file_server_volume_state_decoders_reject_noncanonical_bytes
ISO11783-13,fs-removed-volume-current-directory-state,src/isobus/fs/server.rs,complete,standard-suite,none,maintain file_server_removed_volume_resets_and_blocks_current_directory_state
ISO11783-13,fs-removed-volume-path-operation-errors,src/isobus/fs/server.rs,complete,standard-suite,none,maintain file_server_removed_volume_rejects_path_mutations_before_media_state_changes
ISO11783-13,fs-removed-volume-initialize-volume,src/isobus/fs/server.rs,complete,standard-suite,none,maintain file_server_removed_volume_rejects_path_mutations_before_media_state_changes file_server_initialize_volume_accepts_counted_volume_request_and_rejects_reserved_flags
ISO11783-13,fs-client-removed-volume-cache-reset,src/isobus/fs/client.rs,complete,standard-suite,none,maintain file_client_removed_volume_status_clears_media_dependent_state
ISO11783-13,fs-create-move-parent-directory-validation,src/isobus/fs/server.rs,complete,standard-suite,none,maintain file_server_requires_existing_parent_directories_for_create_and_move
ISO11783-13,fs-open-dir-wildcard-final-component,src/isobus/fs/server.rs,complete,standard-suite,none,maintain file_server_open_dir_applies_final_component_wildcard_pattern
ISO11783-13,fs-get-directory-attributes,src/isobus/fs/server.rs,complete,standard-suite,none,maintain file_server_reports_wrong_type_for_file_operations_on_directories_without_mutation
ISO11783-13,fs-client-tan-reserved-wrap,src/isobus/fs/client.rs,complete,standard-suite,none,maintain file_client_transaction_numbers_wrap_without_using_reserved_tan
ISO11783-13,fs-client-request-timeout-late-response-drop,src/isobus/fs/client.rs,complete,standard-suite,none,maintain file_client_request_timeout_keeps_boundary_and_drops_late_successes
ISO11783-13,fs-reserved-file-handle-operation-rejection,src/isobus/fs/server.rs,complete,standard-suite,none,maintain file_server_rejects_reserved_handles_for_file_operations_without_state_mutation
ISO11783-13,fs-client-status-broadcast-canonical-shape,src/isobus/fs/client.rs,complete,standard-suite,none,maintain file_client_rejects_malformed_status_broadcasts_without_keepalive_or_cache_update
ISO11783-13,fs-client-close-seek-success-canonical-shape,src/isobus/fs/client.rs,complete,standard-suite,none,maintain file_client_rejects_malformed_close_and_seek_successes_before_state_mutation
ISO11783-13,fs-conflicting-open-access-modes,src/isobus/fs/server.rs,complete,standard-suite,none,maintain file_server_rejects_conflicting_write_opens_without_handle_allocation
ISO11783-13,fs-volume-status-request-lifecycle,src/isobus/fs,complete,standard-suite,none,maintain file_server_volume_status_requests_drive_removal_state_without_ccm and client parsing coverage
ISO11783-13,fs-v2-properties-volume-status-reserved-bit-validation,src/isobus/fs/properties.rs,complete,standard-suite,none,maintain file_server_v2_properties_and_volume_status_reject_reserved_bits
ISO11783-13,fs-v2-volume-status-name-validation,src/isobus/fs/properties.rs,complete,standard-suite,none,maintain file_server_v2_properties_and_volume_status_reject_reserved_bits
ISO11783-13,fs-v2-volume-status-capacity-consistency,src/isobus/fs/properties.rs,complete,standard-suite,none,maintain file_server_v2_properties_and_volume_status_reject_reserved_bits capacity assertions
ISO11783-13,fs-client-volume-status-counted-name-and-pending-state,src/isobus/fs/client.rs,complete,standard-suite,none,maintain file_client_rejects_malformed_volume_status_responses_without_media_state_or_pending_loss
ISO11783-13,fs-client-volume-status-tan-scope,src/isobus/fs/client.rs,complete,standard-suite,none,maintain file_client_volume_status_responses_clear_only_matching_pending_tan
ISO11783-13,fs-client-volume-status-removal-time-range,src/isobus/fs/client.rs,complete,standard-suite,none,maintain file_client_rejects_malformed_volume_status_responses_without_media_state_or_pending_loss
ISO11783-13,fs-client-volume-status-requested-name-match,src/isobus/fs/client.rs,complete,standard-suite,none,maintain file_client_volume_status_response_name_matches_nonempty_request
ISO11783-13,fs-client-volume-status-name-validation,src/isobus/fs/client.rs,complete,standard-suite,none,maintain file_client_rejects_malformed_volume_status_responses_without_media_state_or_pending_loss
ISO11783-13,fs-volume-name-ascii-validation,src/isobus/fs/types.rs;src/isobus/fs/client.rs;src/isobus/fs/server.rs,complete,standard-suite,none,maintain file_server_volume_name_validation_rejects_non_ascii_across_client_and_server_paths
ISO11783-13,fs-client-current-directory-name-validation,src/isobus/fs/client.rs,complete,standard-suite,none,maintain file_client_rejects_non_ascii_current_directory_response_before_state_mutation
ISO11783-13,fs-client-path-byte-validation,src/isobus/fs/client.rs,complete,standard-suite,none,maintain file_client_rejects_non_ascii_path_requests_before_transport
ISO11783-13,fs-server-counted-path-byte-validation,src/isobus/fs/server.rs,complete,standard-suite,none,maintain file_server_rejects_non_ascii_counted_paths_without_file_or_directory_mutation
ISO11783-13,fs-initialize-volume-counted-request,src/isobus/fs/server.rs,complete,standard-suite,none,maintain file_server_initialize_volume_accepts_counted_volume_request_and_rejects_reserved_flags
ISO11783-13,fs-client-management-request-surface,src/isobus/fs/client.rs,complete,standard-suite,none,maintain file_client_management_requests_validate_and_parse_standard_responses
ISO11783-13,fs-client-advertised-capability-request-gates,src/isobus/fs/client.rs,complete,standard-suite,none,maintain file_client_gates_requests_by_advertised_server_capabilities_without_allocating_tans
ISO11783-13,fs-tan-reuse-operation-mismatch-replay,src/isobus/fs/server.rs,complete,standard-suite,none,maintain file_server_replays_cached_tan_even_when_reused_for_different_operation
ISO11783-13,fs-tan-cache-source-scope,src/isobus/fs/server.rs,complete,standard-suite,none,maintain file_server_tan_cache_is_scoped_by_client_source_address
ISO11783-13,fs-ccm-canonical-keepalive-connection,src/isobus/fs/server.rs,complete,standard-suite,none,maintain file_server_ccm_requires_canonical_keepalive_payload_before_connection
ISO11783-13,fs-server-ccm-liveness-separate-from-request-bookkeeping,src/isobus/fs/server.rs,complete,standard-suite,none,maintain file_server_non_ccm_requests_do_not_suppress_first_ccm_connection_event
ISO11783-13,fs-raw-endpoint-envelope-validation,src/isobus/fs/client.rs;src/isobus/fs/server.rs,complete,standard-suite,none,maintain file_server_and_client_reject_wrong_pgn_or_invalid_source_before_state_mutation null-destination checks
ISO11783-13,fs-endpoint-envelope-validation,src/isobus/fs/server.rs;src/isobus/fs/client.rs,complete,standard-suite,none,maintain File Server/Client wrong-destination and invalid-source codec rejection coverage
ISO11783-14,sequence-control,src/isobus/sc,implemented-needs-standard-tests,standard-suite,missing,maintain unsupported-state matrix and collect external SC peer traces
ISO11783-14,sc-wire-constants-and-public-enum-boundaries,src/isobus/sc,complete,standard-suite,none,maintain sequence_control_wire_constants_keep_status_roles_separate and sequence_control_public_state_enums_do_not_promote_reserved_values
ISO11783-14,sc-public-status-enum-strict-decoders,src/isobus/sc/types.rs;src/isobus/sc/master.rs;src/isobus/sc/client.rs,complete,standard-suite,none,maintain sequence_control_public_status_decoders_reject_noncanonical_bytes and keep status validation sourced from strict decoders
ISO11783-14,sc-master-client-lifecycle-and-visible-status,src/isobus/sc,complete,standard-suite,none,maintain sequence_control_master_client_lifecycle_preserves_standard_status_bytes and sequence_control_pause_resume_and_abort_are_protocol_visible
ISO11783-14,sc-malformed-status-rejection,src/isobus/sc,complete,standard-suite,none,maintain sequence_control_rejects_malformed_statuses_without_state_mutation
ISO11783-14,sc-sequence-number-reserved-range,src/isobus/sc,complete,standard-suite,none,maintain sequence_control_rejects_reserved_sequence_numbers_without_state_progress
ISO11783-14,sc-inactive-status-sequence-field-validation,src/isobus/sc,complete,standard-suite,none,maintain sequence_control_inactive_statuses_reject_active_sequence_fields_without_mutation
ISO11783-14,sc-reserved-raw-sequence-state-rejection,src/isobus/sc/types.rs;src/isobus/sc/client.rs;src/isobus/sc/master.rs,complete,standard-suite,none,maintain sequence_control_rejects_reserved_raw_sequence_state_bytes_without_mutation
ISO11783-14,sc-unsupported-initialization-and-envelope-validation,src/isobus/sc,complete,standard-suite,none,maintain sequence_control_rejects_initialization_states_as_unsupported_without_mutation sequence_control_rejects_wrong_pgn_invalid_destination_and_invalid_sources_before_state_update and sequence_control_stack_rejects_wrong_null_destination_and_invalid_sources_before_state_update
ISO11783-14,sc-two-client-acknowledgement-and-step-id-boundaries,src/isobus/sc,complete,standard-suite,none,maintain sequence_control_two_client_acknowledgement_gates_ready_and_active_progress and sequence_control_step_id_boundaries_are_enforced_before_mutation
ISO11783-14,sc-master-disabled-client-active-ack-revocation,src/isobus/sc/master.rs,complete,standard-suite,none,maintain sequence_control_master_disabled_client_status_reopens_active_ack_timeout
ISO11783-14,sc-timeout-abort-status-visibility,src/isobus/sc/master.rs,complete,standard-suite,none,maintain sequence_control_ready_and_active_timeouts_emit_protocol_visible_abort_status
ISO11783-14,sc-client-busy-spacing-and-timeout,src/isobus/sc/client.rs,complete,standard-suite,none,maintain sequence_control_client_busy_spacing_and_timeout_are_protocol_visible
ISO11783-14,sc-master-busy-status-low-bits,src/isobus/sc/master.rs;src/isobus/sc/client.rs,complete,standard-suite,none,maintain sequence_control_master_busy_flags_are_low_bit_status_only
ISO11783-14,sc-client-inactive-master-session-reset,src/isobus/sc/client.rs,complete,standard-suite,none,maintain sequence_control_client_inactive_master_status_resets_local_session_state
AEF-TIM,automation-authority-and-safe-state,src/isobus/tim.rs,implemented-needs-standard-tests,standard-suite,missing,maintain TIM authority state matrix and finish external TIM peer evidence
AEF-TIM,tim-unsupported-option-request-no-mutation,src/isobus/tim.rs,complete,standard-suite,none,maintain tim_unsupported_option_requests_do_not_mutate_authority_state
AEF-TIM,tim-invalid-source-ingress-validation,src/isobus/tim.rs,complete,standard-suite,none,maintain tim_status_and_command_decoders_reject_invalid_sources_before_cache_use tim_stack_rejects_invalid_source_commands_without_events_or_cache_use
AEF-TIM,tim-revoked-authority-fresh-request-cycle,src/isobus/tim.rs,complete,standard-suite,none,maintain tim_revoked_authority_requires_fresh_request_before_commanding_again
AEF-TIM,tim-deny-revoke-safe-state-cycle,src/isobus/tim.rs,complete,standard-suite,none,maintain tim_denied_or_manually_revoked_authority_blocks_commands_until_new_request_cycle
AEF-TIM,tim-authority-rerequest-narrows-command-grant,src/isobus/tim.rs,complete,standard-suite,none,maintain tim_authority_rerequest_narrows_pending_and_granted_commands
AEF-TIM,tim-empty-authority-request-rejection,src/isobus/tim.rs,complete,standard-suite,none,maintain tim_empty_authority_request_does_not_create_command_grant
AEF-TIM,tim-command-option-mapping-coverage,src/isobus/tim.rs,complete,standard-suite,none,maintain tim_command_option_mapping_covers_each_defined_authority_bit
AEF-TIM,tim-pto-hitch-status-pgn-envelope,src/isobus/tim.rs,complete,standard-suite,none,maintain tim_status_and_command_decoders_reject_invalid_sources_before_cache_use including PTO hitch and PDU2 destination binding checks
AEF-TIM,tim-aux-valve-pgn-group-validation,src/isobus/tim.rs,complete,standard-suite,none,maintain tim_aux_valve_status_requires_matching_pgn_group_before_cache_update
NMEA2000,selected-pgn-subset,src/nmea,implemented-needs-standard-tests,standard-suite,missing,maintain selected PGN state matrix and finish external GNSS/environment trace evidence
NMEA2000,selected-pgn-ingress-envelope-gate,src/nmea/interface.rs,complete,standard-suite,none,maintain nmea2000_selected_pgns_ignore_invalid_sources_before_events_or_cache_update including PDU2 destination metadata
NMEA2000,selected-pgn-config-listen-gates,src/nmea/interface.rs,complete,standard-suite,none,maintain nmea2000_selected_pgn_config_gates_ignore_disabled_groups_without_cache_or_events
NMEA2000,selected-pgn-sequence-id-validation,src/nmea/interface.rs,complete,standard-suite,none,maintain nmea2000_selected_sequence_ids_reject_reserved_values_before_events_or_cache_update
NMEA2000,selected-categorical-field-reserved-value-validation,src/nmea/interface.rs;src/nmea/definitions.rs,complete,standard-suite,none,maintain nmea2000_selected_categorical_fields_reject_reserved_values_before_events
NMEA2000,fast-packet-tx-sequence-counter-wrap,src/net/fast_packet.rs,complete,standard-suite,none,maintain nmea2000_fast_packet_transmit_sequence_counter_wraps_three_bit_field
NMEA2000,fast-packet-interleaved-session-keying,src/net/fast_packet.rs,complete,standard-suite,none,maintain nmea2000_fast_packet_reassembles_interleaved_sources_and_sequences_independently
NMEA2000,fast-packet-classic-frame-length-validation,src/net/fast_packet.rs,complete,standard-suite,none,maintain nmea2000_fast_packet_rejects_non_classic_frame_lengths_before_session_mutation
NMEA2000,fast-packet-rx-sequence-and-timeout-validation,src/net/fast_packet.rs,complete,standard-suite,none,maintain nmea2000_fast_packet_rejects_malformed_receive_sequences_without_partial_delivery and nmea2000_fast_packet_timeout_boundary_drops_incomplete_receive_sessions
NMEA2000,management-invalid-peer-address-rejection,src/nmea/n2k_management.rs,complete,standard-suite,none,maintain nmea2000_management_rejects_invalid_peer_addresses_before_events_or_pending_state
NMEA2000,management-pdu2-envelope-destination-validation,src/nmea/n2k_management.rs,complete,standard-suite,none,maintain nmea2000_management_rejects_invalid_pdu2_destinations_before_events_or_pending_state
NMEA2000,management-malformed-response-pending-state,src/nmea/n2k_management.rs,complete,standard-suite,none,maintain nmea2000_management_malformed_responses_do_not_clear_pending_requests
NMEA2000,management-distinct-requested-pgn-tracking,src/nmea/n2k_management.rs,complete,standard-suite,none,maintain nmea2000_management_tracks_distinct_requested_pgns_for_same_peer
NMEA2000,management-request-timeout-and-retry-scope,src/nmea/n2k_management.rs,complete,standard-suite,none,maintain nmea2000_management_request_timeouts_remove_only_expired_pending_entries
NMEA2000,management-heartbeat-sequence-and-invalid-interval,src/nmea/n2k_management.rs,complete,standard-suite,none,maintain nmea2000_management_heartbeat_sequence_wrap_and_invalid_interval_are_state_safe
NMEA2000,management-product-info-fixed-field-boundaries,src/nmea/n2k_management.rs,complete,standard-suite,none,maintain nmea2000_management_product_info_fixed_field_boundaries_are_canonical
NMEA2000,management-product-info-fixed-field-padding,src/nmea/n2k_management.rs,complete,standard-suite,none,maintain nmea2000_management_product_info_rejects_hidden_fixed_field_garbage
NMEA2000,management-config-info-length-prefix-boundaries,src/nmea/n2k_management.rs,complete,standard-suite,none,maintain nmea2000_management_config_info_length_prefixes_are_canonical
NMEA2000,attitude-axis-availability-validation,src/nmea/interface.rs,complete,standard-suite,none,maintain nmea2000_attitude_rejects_unavailable_axes_before_event_or_cache_update
NMEA2000,battery-status-voltage-current-special-field-validation,src/nmea/interface.rs,complete,standard-suite,none,maintain nmea2000_battery_status_voltage_is_unsigned_and_current_remains_signed
NMEA2000,cog-sog-reference-validation,src/nmea/interface.rs,complete,standard-suite,none,maintain nmea2000_cog_sog_rejects_reserved_reference_before_event_or_cache_update including packed high-bit reference bytes
NMEA2000,cog-sog-numeric-special-value-validation,src/nmea/interface.rs,complete,standard-suite,none,maintain nmea2000_cog_sog_rejects_reserved_numeric_special_values_before_event_or_cache_update
NMEA2000,circular-angle-range-validation,src/nmea/interface.rs,complete,standard-suite,none,maintain nmea2000_cog_sog_rejects_reserved_numeric_special_values_before_event_or_cache_update nmea2000_vessel_heading_rejects_numeric_special_values_before_event_or_cache_update nmea2000_wind_data_rejects_reserved_numeric_special_values_before_event
NMEA2000,engine-rapid-numeric-special-value-validation,src/nmea/interface.rs,complete,standard-suite,none,maintain nmea2000_engine_rapid_rejects_reserved_numeric_special_values_before_event
NMEA2000,engine-rapid-tilt-trim-special-value-validation,src/nmea/interface.rs,complete,standard-suite,none,maintain nmea2000_engine_rapid_rejects_reserved_numeric_special_values_before_event tilt trim assertions
NMEA2000,engine-rapid-tilt-trim-range-validation,src/nmea/interface.rs,complete,standard-suite,none,maintain nmea2000_engine_rapid_rejects_reserved_numeric_special_values_before_event signed range assertions
NMEA2000,fluid-level-numeric-special-value-validation,src/nmea/interface.rs,complete,standard-suite,none,maintain nmea2000_fluid_level_rejects_reserved_numeric_special_values_before_event
NMEA2000,gnss-dops-mode-byte-validation,src/nmea/interface.rs,complete,standard-suite,none,maintain nmea2000_gnss_dops_mode_byte_rejects_reserved_values_before_event_or_cache_update
NMEA2000,gnss-dop-special-field-validation,src/nmea/interface.rs,complete,standard-suite,none,maintain nmea2000_gnss_dop_fields_reject_reserved_and_do_not_emit_negative_values covering GNSS DOP and position-detail DOP fields
NMEA2000,gnss-position-detail-fix-method-validation,src/nmea/interface.rs,complete,standard-suite,none,maintain nmea2000_position_detail_rejects_reserved_fix_method_before_event_or_cache_update
NMEA2000,gnss-position-detail-defined-fix-method-coverage,src/nmea/interface.rs;src/nmea/definitions.rs,complete,standard-suite,none,maintain nmea2000_position_detail_accepts_defined_manual_and_simulated_fix_methods
NMEA2000,gnss-position-detail-system-validation,src/nmea/interface.rs;src/nmea/definitions.rs,complete,standard-suite,none,maintain nmea2000_position_detail_rejects_reserved_gnss_system_before_cache_update
NMEA2000,gnss-position-detail-defined-system-coverage,src/nmea/interface.rs;src/nmea/definitions.rs,complete,standard-suite,none,maintain nmea2000_position_detail_rejects_reserved_gnss_system_before_cache_update defined system assertions
NMEA2000,gnss-position-detail-reference-station-count-validation,src/nmea/interface.rs,complete,standard-suite,none,maintain nmea2000_position_detail_rejects_reserved_reference_station_count_before_cache_update
NMEA2000,gnss-position-detail-reference-station-type-validation,src/nmea/interface.rs;src/nmea/definitions.rs,complete,standard-suite,none,maintain nmea2000_position_detail_rejects_reserved_reference_station_type_before_cache_update and public ReferenceStationType strict decoder consistency
NMEA2000,gnss-position-detail-reference-station-age-validation,src/nmea/interface.rs,complete,standard-suite,none,maintain nmea2000_position_detail_rejects_reference_station_reserved_age_before_cache_update
NMEA2000,gnss-position-detail-integrity-reserved-bit-validation,src/nmea/interface.rs,complete,standard-suite,none,maintain nmea2000_position_detail_rejects_noncanonical_integrity_reserved_bits_before_cache_update
NMEA2000,gnss-position-detail-geoidal-special-value-validation,src/nmea/interface.rs,complete,standard-suite,none,maintain nmea2000_position_detail_rejects_geoidal_special_values_before_cache_update
NMEA2000,gnss-position-detail-date-time-special-value-validation,src/nmea/interface.rs,complete,standard-suite,none,maintain nmea2000_position_detail_rejects_reserved_date_time_values_before_cache_update
NMEA2000,gnss-position-detail-time-of-day-range-validation,src/nmea/interface.rs,complete,standard-suite,none,maintain nmea2000_position_detail_rejects_out_of_range_time_of_day_before_cache_update
NMEA2000,gnss-position-detail-coordinate-range-validation,src/nmea/interface.rs,complete,standard-suite,none,maintain nmea2000_position_detail_rejects_out_of_range_coordinates_before_cache_update
NMEA2000,gnss-position-detail-satellite-count-validation,src/nmea/interface.rs,complete,standard-suite,none,maintain nmea2000_position_detail_rejects_reserved_satellite_count_before_cache_update
NMEA2000,gnss-position-detail-signed-special-value-validation,src/nmea/interface.rs,complete,standard-suite,none,maintain nmea2000_position_detail_rejects_signed_special_values_before_event_or_cache_update
NMEA2000,gnss-position-delta-time-and-signed-special-value-validation,src/nmea/interface.rs,complete,standard-suite,none,maintain nmea2000_position_delta_rejects_signed_reserved_values_before_event_or_cache_update
NMEA2000,gnss-position-rapid-coordinate-special-value-validation,src/nmea/interface.rs,complete,standard-suite,none,maintain nmea2000_position_rapid_rejects_reserved_coordinate_values_before_event_or_cache_update
NMEA2000,gnss-position-rapid-coordinate-range-validation,src/nmea/interface.rs,complete,standard-suite,none,maintain nmea2000_position_rapid_rejects_out_of_range_coordinates_before_cache_update
NMEA2000,gnss-position-rapid-builder-coordinate-range-canonicalization,src/nmea/interface.rs,complete,standard-suite,none,maintain nmea2000_position_rapid_rejects_out_of_range_coordinates_before_cache_update builder assertions
NMEA2000,selected-builder-reserved-sid-and-source-canonicalization,src/nmea/interface.rs,complete,standard-suite,none,maintain nmea2000_selected_builders_do_not_emit_reserved_sequence_ids_or_pressure_source
NMEA2000,selected-builder-u8-scalar-special-field-canonicalization,src/nmea/interface.rs,complete,standard-suite,none,maintain nmea2000_selected_u8_scalar_builders_encode_nonfinite_as_unavailable
NMEA2000,humidity-unsigned-special-field-validation,src/nmea/interface.rs,complete,standard-suite,none,maintain nmea2000_humidity_rejects_reserved_and_does_not_emit_negative_percent
NMEA2000,magnetic-variation-age-special-value-validation,src/nmea/interface.rs,complete,standard-suite,none,maintain nmea2000_magnetic_variation_rejects_reserved_age_before_event
NMEA2000,navigation-signed-reserved-numeric-validation,src/nmea/interface.rs,complete,standard-suite,none,maintain nmea2000_signed_navigation_fields_reject_reserved_special_values_before_events_or_cache_update
NMEA2000,navigation-auxiliary-classic-frame-canonicalization,src/nmea/interface.rs,complete,standard-suite,none,maintain nmea2000_navigation_auxiliary_frames_reject_short_or_noncanonical_tail_before_mutation
NMEA2000,public-enum-strict-try-decoders,src/nmea/definitions.rs,complete,standard-suite,none,maintain nmea2000_public_try_decoders_reject_noncanonical_packed_bytes across all public NMEA repr_u8 enum categories
NMEA2000,outside-environmental-numeric-special-value-validation,src/nmea/interface.rs,complete,standard-suite,none,maintain nmea2000_outside_environmental_rejects_reserved_numeric_special_values_before_event
NMEA2000,pressure-source-reserved-value-validation,src/nmea/interface.rs;src/nmea/definitions.rs,complete,standard-suite,none,maintain nmea2000_pressure_rejects_reserved_source_before_event
NMEA2000,pressure-signed-reserved-numeric-validation,src/nmea/interface.rs,complete,standard-suite,none,maintain nmea2000_signed_numeric_fields_reject_reserved_special_values_before_event
NMEA2000,speed-water-numeric-special-value-validation,src/nmea/interface.rs,complete,standard-suite,none,maintain nmea2000_speed_water_rejects_reserved_numeric_special_values_before_event
NMEA2000,system-time-numeric-special-value-validation,src/nmea/interface.rs,complete,standard-suite,none,maintain nmea2000_system_time_rejects_reserved_date_time_values_before_event
NMEA2000,system-time-time-of-day-range-validation,src/nmea/interface.rs,complete,standard-suite,none,maintain nmea2000_system_time_rejects_out_of_range_time_of_day_before_event
NMEA2000,temperature-numeric-special-value-validation,src/nmea/interface.rs,complete,standard-suite,none,maintain nmea2000_temperature_rejects_reserved_numeric_special_values_before_event
NMEA2000,vessel-heading-numeric-special-value-validation,src/nmea/interface.rs,complete,standard-suite,none,maintain nmea2000_vessel_heading_rejects_numeric_special_values_before_event_or_cache_update
NMEA2000,vessel-heading-reference-validation,src/nmea/interface.rs,complete,standard-suite,none,maintain nmea2000_vessel_heading_rejects_reserved_reference_before_event_or_cache_update including packed high-bit reference bytes
NMEA2000,water-depth-measurement-offset-special-value-validation,src/nmea/interface.rs,complete,standard-suite,none,maintain nmea2000_water_depth_rejects_reserved_depth_and_offset_values_before_event
NMEA2000,water-depth-range-special-value-validation,src/nmea/interface.rs,complete,standard-suite,none,maintain nmea2000_water_depth_rejects_reserved_range_values_before_event
NMEA2000,wind-data-reference-byte-validation,src/nmea/interface.rs;src/nmea/definitions.rs,complete,standard-suite,none,maintain nmea2000_wind_data_rejects_noncanonical_reference_bytes_before_event
NMEA2000,wind-data-numeric-special-value-validation,src/nmea/interface.rs,complete,standard-suite,none,maintain nmea2000_wind_data_rejects_reserved_numeric_special_values_before_event
NMEA2000,xte-mode-byte-reserved-bit-validation,src/nmea/interface.rs,complete,standard-suite,none,maintain nmea2000_xte_mode_byte_rejects_reserved_bits_before_event
NMEA2000,xte-signed-reserved-numeric-validation,src/nmea/interface.rs,complete,standard-suite,none,maintain nmea2000_signed_numeric_fields_reject_reserved_special_values_before_event
NMEA2000,nmea0183-serial-gnss-field-canonicalization,src/nmea/serial_gnss.rs,complete,standard-suite,none,maintain nmea0183_serial_gnss_rejects_noncanonical_units_and_nonfinite_numbers_before_state_mutation including GGA quality RMC date variation optional data-mode GSA satellite/system fields and GSV satellite group checks
Bindings,public-language-facades,src/ffi.rs;src/python/mod.rs,complete,standard-suite,none,maintain bindings_public_facade_matrix_covers_complete_standard_rows_and_pins_c_abi_v2 and opt-in facade defaults
Evidence,external-evidence-gap-map,tests/fixtures/evidence/gap_external_evidence_map.txt;tests/fixtures/evidence/public_data_requirements.txt,complete,standard-suite,none,maintain external_evidence_map_covers_every_missing_gap_matrix_trace_row and public_data_requirements_are_explicit_and_do_not_point_at_private_sources
Evidence,conformance-claims-and-release-gates,docs+tests,complete,standard-suite,none,maintain make_verify_runs_standard_hardening_gates and package evidence checks
ISO11783-6,vt-render-coverage-ledger,src/isobus/vt/render;book/src/reference/assets/vt_object_render_coverage.csv,complete,standard-suite,none,maintain vt_render_loads_validates_and_builds_scene vt_render_never_panics_on_malformed_bytes vt_render_reports_unsupported_object_types_safely and coverage_ledger_classifies_every_object_type_present before full product claim
